regime,node,mean_activation,std_activation
Hypo,ACAN,0.18412341360601014,0.3484254272661438
Hypo,ADAMTS4/5,0.5299419948687131,0.5015563752628445
Hypo,AKT1-E,2.7183453686395845e-06,3.402588063628948e-08
Hypo,AKT1-M,2.7638315240685526e-06,1.1342950540993592e-08
Hypo,AMPK,0.6261371232866437,0.36336300402051497
Hypo,ANXA1,1.4595210604965736e-07,1.5567183475691505e-07
Hypo,AP-1,0.5223547434641421,0.49437508420432996
Hypo,AQP1,3.1321941357431183e-07,3.0788486973377957e-07
Hypo,AQP5,3.1321941357431183e-07,3.0788486973377957e-07
Hypo,BAD,0.5297398641937648,0.501364295932103
Hypo,BAX,0.529688835393806,0.5013184286082121
Hypo,Bcl2,0.16946930561447984,0.3207071813472732
Hypo,BMP2,0.5294106883786526,0.501055134520313
Hypo,BNIP3,1.3213378250503163e-06,9.792886936573508e-07
Hypo,Ca2+os,0.00020118009373720636,3.2689925482023687e-19
Hypo,Ca2+su,0.4806698553025378,0.45483401651920163
Hypo,CaMKII,2.716045630169003e-05,3.745720628148547e-20
Hypo,CaN,0.5287754570277091,0.500445297052579
Hypo,CASP3,0.5299999822051846,0.5016135396614293
Hypo,CASP9,0.5299994547665587,0.5016130305627731
Hypo,CAT,0.7104630434267029,0.41309751988444693
Hypo,CCL2,0.5299107525022481,0.5015285387679564
Hypo,CCN2,1.5281522367751317e-07,5.9478175938893887e-08
Hypo,CDC42,3.514219979468171e-05,8.853521484714748e-20
Hypo,CITED2,1.4390074223067368e-06,8.335053252466386e-07
Hypo,COL10A1,0.5288326093656596,0.5005084083983271
Hypo,COL1A1,0.4446429003775464,0.42082783171931726
Hypo,COL2A1,0.16948497415207897,0.32072264178230275
Hypo,COX-2,0.529955628656061,0.5015709600359318
Hypo,CREB,1.082989375261495e-06,1.1551113956181084e-06
Hypo,CXCL1,0.5299107525022481,0.5015285387679564
Hypo,CXCL3,0.5299107525022481,0.5015285387679564
Hypo,DAG,8.60432632471283e-08,9.311095311448804e-23
Hypo,DRP1,0.5298856180896998,0.5015038889218394
Hypo,ELK1,0.49264625346536656,0.4662594615908435
Hypo,ERK-E,8.60432632471283e-08,9.311095311448804e-23
Hypo,ERK-M,8.60432632471283e-08,9.311095311448804e-23
Hypo,FAK-E,0.0002601654927432487,0.0
Hypo,FAK-M,0.0002601654927432487,0.0
Hypo,FGF18,4.288118738592174e-06,3.229470265972893e-06
Hypo,FGF2,0.5225668206530288,0.4945779451435321
Hypo,FOXO,0.6746467449050704,0.410912988547807
Hypo,GADD45,0.6938212991059943,0.41508702028218714
Hypo,GDF5,2.837692151279628e-07,3.0282904096365883e-07
Hypo,GPX1,0.7104630434267029,0.41309751988444693
Hypo,GSK3B,0.5296886253110558,0.5013182297628165
Hypo,HIF-1α,1.0676550689162777e-05,6.183747193260445e-06
Hypo,HIF-2α,0.5298974683264458,0.5015157652285788
Hypo,HL,0.010000000000000007,6.973850769498386e-18
Hypo,HO-1,0.20445573656165358,0.3869125896668167
Hypo,HSF1,0.013151982415317256,0.02487099046031358
Hypo,HSP27,0.003053903528787741,0.005776835332927434
Hypo,HSP70,0.0019552187620373094,0.003696427014939251
Hypo,IGF1,7.468754451521181e-08,7.930513216577099e-08
Hypo,IKK,0.5450476741685868,0.4494990810219555
Hypo,IL1β,0.5225664944448379,0.49457778853776846
Hypo,IL6,0.5225664944448379,0.49457778853776846
Hypo,IL8,0.5299107525022481,0.5015285387679564
Hypo,iNOS,0.5299096897103293,0.5015276880129301
Hypo,IP3,0.49040230018829045,0.46413617883593483
Hypo,IκBα,1.5616239367350881e-07,1.5986264020613529e-07
Hypo,JNK,0.5225711809495263,0.49455992741778804
Hypo,LATS1/2,8.604204038711336e-08,9.311095311448804e-23
Hypo,LIMK1,4.054474246289749e-07,5.05706560578938e-07
Hypo,MAP3K,0.5292591313252749,0.5009026436957522
Hypo,MEK-E,6.384650239908619e-07,8.513001427610334e-22
Hypo,MEK-M,6.384650239908619e-07,8.513001427610334e-22
Hypo,MKK3/6,0.5299754222421373,0.5015889857984571
Hypo,MKK4/7,0.5299754222421373,0.5015889857984571
Hypo,MMP1,0.5225860389599893,0.4945961118101311
Hypo,MMP13,0.5274938104078848,0.49924075505519777
Hypo,MMP3,0.5225860389599893,0.4945961118101311
Hypo,MOMP,0.5299895282305898,0.5016035621549374
Hypo,MRTF-A,5.198260370034717e-07,5.1117235235212036e-08
Hypo,MST1/2,6.384650239908619e-07,8.513001427610334e-22
Hypo,mTORC1,0.002217019836896646,0.00209719560718618
Hypo,mTORC2,2.6701517429536738e-05,1.1224351381262283e-07
Hypo,NF-κB,0.5298123965444677,0.5014332352764835
Hypo,NFAT,0.5299589242199884,0.5015734283324832
Hypo,NL,0.010000000000000007,6.973850769498386e-18
Hypo,NRF2,0.21954638798960086,0.4154562322869084
Hypo,P38,0.5225711809495263,0.49455992741778804
Hypo,PAK1,9.477007014187758e-06,1.7026002855220668e-20
Hypo,PDK1-E,1.8876932746270285e-07,2.6181186226397815e-07
Hypo,PDK1-M,6.384650239908619e-07,8.513001427610334e-22
Hypo,PGE2,0.5297911537990762,0.5014148624314018
Hypo,PHD2,1.4390074223067368e-06,8.335053252466386e-07
Hypo,PI3K-E,3.514219979468171e-05,8.853521484714748e-20
Hypo,PI3K-M,3.514219979468171e-05,8.853521484714748e-20
Hypo,PIEZO1,0.0009500277322317083,8.717313461872983e-19
Hypo,PIP3-E,1.4006784949696781e-06,1.942642165137338e-06
Hypo,PIP3-M,4.737416473491481e-06,4.256500713805167e-21
Hypo,PKC-M,0.00011721760766059,1.3620802284176535e-20
Hypo,PKC-E,0.4769687127555357,0.45132179076238366
Hypo,PKN1,4.737416473491481e-06,4.256500713805167e-21
Hypo,PLA2,0.5121305249749939,0.4846915231153599
Hypo,PLCγ-M,6.384650239908619e-07,8.513001427610334e-22
Hypo,PLCγ-E,1.8876932746270285e-07,2.6181186226397815e-07
Hypo,PLD2,0.3805212011387422,0.3601281518931078
Hypo,PPARγ,0.21586846157060807,0.408382554671678
Hypo,PTEN,0.665811503632507,0.3912173481645381
Hypo,RAC1-M,3.513972359032057e-05,6.12936102787944e-20
Hypo,RAC1-E,3.513972359032057e-05,6.12936102787944e-20
Hypo,RAF-E,4.737416473491481e-06,4.256500713805167e-21
Hypo,RAF-M,4.737416473491481e-06,4.256500713805167e-21
Hypo,RAS-E,3.514219979468171e-05,8.853521484714748e-20
Hypo,RAS-M,3.514219979468171e-05,8.853521484714748e-20
Hypo,Rheb,1.689949067392055e-07,2.0372162325571934e-07
Hypo,RhoA-E,3.514219979468171e-05,8.853521484714748e-20
Hypo,RhoA-M,3.514219979468171e-05,8.853521484714748e-20
Hypo,ROCK-E,4.737416473491481e-06,4.256500713805167e-21
Hypo,ROCK-M,4.737416473491481e-06,4.256500713805167e-21
Hypo,ROS,0.5212070886955297,0.4932869101504401
Hypo,RSK,1.1595634235699267e-08,9.976173547980861e-24
Hypo,RUNX2,0.44481601184196284,0.4209899129275904
Hypo,SIRT1,0.2199718762792186,0.4161872952203639
Hypo,SMIT1,1.0755285444725168e-06,7.411436380143535e-07
Hypo,SOD1,0.21998539267125541,0.41630305760452296
Hypo,SOD2,0.7104630434267029,0.41309751988444693
Hypo,SOX5,7.468754451521181e-08,7.930513216577099e-08
Hypo,SOX6,7.468754451521181e-08,7.930513216577099e-08
Hypo,SOX9,5.54199796609889e-07,5.884633896176494e-07
Hypo,TAK1,0.5292591313252749,0.5009026436957522
Hypo,TAUT,1.0755285444725168e-06,7.411436380143535e-07
Hypo,TGFβ,8.666757161331104e-05,1.7707042969429495e-19
Hypo,TIMP3,0.21386277348382382,0.4042903322294515
Hypo,TNF,0.529955628656061,0.5015709600359318
Hypo,TonEBP,7.979937060788279e-06,5.498777686414678e-06
Hypo,TRPV4,0.0014734271172591907,2.1793283654682456e-19
Hypo,ULK1,0.741988563751281,0.43054536147176203
Hypo,VEGF,0.522812585909262,0.4948104283657545
Hypo,VHL,3.670006005373818e-08,3.655312842371871e-08
Hypo,Wnt3a,0.4481680115147386,0.424163561049153
Hypo,Wnt5a,0.00010941376194700671,0.000103302985607656
Hypo,YAP/TAZ,9.577152157462006e-07,8.513001427610334e-22
Hypo,α5β1-FN,0.0009500277322317083,8.717313461872983e-19
Hypo,α5β1-Fs,0.0009500277322317083,8.717313461872983e-19
Hypo,αVβ3,0.0009500277322317083,8.717313461872983e-19
Hypo,αVβ6,0.0009500277322317083,8.717313461872983e-19
Hypo,β-catenin,3.8580870433019775e-06,2.4083371762338803e-06
Hypo,NAD+,0.2183641229440158,0.41255296745799946
Hypo,LKB1,0.22000291491762083,0.416326217693236
Hypo,SDC4-M,0.0009500277322317083,8.717313461872983e-19
Hypo,SDC4-E,0.0009500277322317083,8.717313461872983e-19
Hypo,Hypo,0.19999999999999962,3.9053564309190963e-16
Hypo,NutD,1.851297826560484e-44,1.0881353234843642e-44
Hypo,MitD,0.5296888370915839,0.5013184301970218
Normal,ACAN,0.9985645178140462,2.0565062461919543e-06
Normal,ADAMTS4/5,3.941773783563967e-07,3.2327085032914453e-07
Normal,AKT1-E,3.489530823524906e-09,4.2726385022088925e-09
Normal,AKT1-M,0.9581066338552653,0.0343777021529995
Normal,AMPK,0.3949465520089708,0.4852967037712128
Normal,ANXA1,0.9998005970707158,2.761444182984464e-10
Normal,AP-1,1.3631147072788682e-07,1.1103801914945083e-07
Normal,AQP1,0.9956761978044678,0.0021282109557752694
Normal,AQP5,0.9956761978044678,0.0021282109557752694
Normal,BAD,1.0912858501039816e-07,8.955100533352228e-08
Normal,BAX,5.1108676242759546e-09,4.194016761447897e-09
Normal,Bcl2,0.992306667358229,0.0014876134819121274
Normal,BMP2,1.1560989776725624e-06,4.5632156839638513e-07
Normal,BNIP3,0.5993427002789578,0.49182278882849273
Normal,Ca2+os,0.9995247010117261,6.694896738718451e-16
Normal,Ca2+su,0.000147035834183312,5.814540756523408e-13
Normal,CaMKII,0.9999839639729222,1.0042345108077675e-15
Normal,CaN,1.4875461629006235e-05,6.307971824630769e-13
Normal,CASP3,2.025415286913679e-15,1.6620759167902523e-15
Normal,CASP9,1.501331339009653e-14,1.2320074198179739e-14
Normal,CAT,0.9001003178666085,0.0817028921130644
Normal,CCL2,1.4282645442721515e-08,1.1615371176160949e-08
Normal,CCN2,0.9842750550740561,2.3867382738133803e-05
Normal,CDC42,0.9999897852104206,1.227397735431716e-15
Normal,CITED2,0.992943803484361,0.0073468343546636864
Normal,COL10A1,4.239091939107018e-10,3.215151668636146e-10
Normal,COL1A1,0.0013215682488460078,0.0010793509680975032
Normal,COL2A1,0.9984950906341072,1.2993309696659443e-06
Normal,COX-2,1.928300668825404e-07,1.0325010930413618e-08
Normal,CREB,0.9941831757258605,7.91759528483196e-09
Normal,CXCL1,1.4282645442721515e-08,1.1615371176160949e-08
Normal,CXCL3,1.4282645442721515e-08,1.1615371176160949e-08
Normal,DAG,0.9999999996093435,1.1158161231197418e-16
Normal,DRP1,2.3612829601961243e-06,7.037689005208996e-07
Normal,ELK1,1.6038345460869477e-06,7.126733333352452e-08
Normal,ERK-E,1.3180901770493242e-07,3.1923755353538757e-22
Normal,ERK-M,0.9999999996093435,1.1158161231197418e-16
Normal,FAK-E,0.0003979826085871554,1.6344962741011843e-19
Normal,FAK-M,0.9996970843171059,1.1158161231197417e-15
Normal,FGF18,0.8659470022549967,7.17488923090021e-05
Normal,FGF2,0.003961351342661443,0.0032494574060939383
Normal,FOXO,0.857378646711378,0.09342421631817592
Normal,GADD45,0.868904566377703,0.043363102871389995
Normal,GDF5,0.9878255753754064,6.319846381144154e-07
Normal,GPX1,0.9001003178666085,0.0817028921130644
Normal,GSK3B,4.135249891399831e-08,3.393427164696859e-08
Normal,HIF-1α,0.8947986525621454,0.09316419874235655
Normal,HIF-2α,1.6593049376008754e-11,1.360928097413313e-11
Normal,HL,0.010000000000000007,6.973850769498386e-18
Normal,HO-1,0.9516318821609607,0.03703363450582782
Normal,HSF1,0.5676584712651419,0.43505955012239145
Normal,HSP27,0.6007908551741717,0.4871944930384307
Normal,HSP70,0.9537498267363399,0.05259988417409228
Normal,IGF1,0.9999809016519334,7.797533572644052e-06
Normal,IKK,0.0010795119276053803,8.087492329683585e-08
Normal,IL1β,0.003525142005621782,0.0028914612640367227
Normal,IL6,0.003525142005621782,0.0028914612640367227
Normal,IL8,1.4282645442721515e-08,1.1615371176160949e-08
Normal,iNOS,1.422938530667648e-08,1.1676766814182367e-08
Normal,IP3,6.882514714395848e-12,5.647781626032941e-12
Normal,IκBα,0.9980631544148535,0.0014688600717039709
Normal,JNK,3.679253003775982e-05,6.368187643585152e-07
Normal,LATS1/2,0.07010187356913533,1.1579952681582472e-16
Normal,LIMK1,0.5068367279155938,0.41565577019043043
Normal,MAP3K,1.5734533042853206e-05,7.049601116540577e-07
Normal,MEK-E,9.780567483415567e-07,8.513001427610334e-22
Normal,MEK-M,0.999999988404814,1.6737241846796126e-15
Normal,MKK3/6,2.1207616894098106e-06,9.503025947462538e-08
Normal,MKK4/7,2.1207616894098106e-06,9.503025947462538e-08
Normal,MMP1,1.1500040980599033e-05,4.692666349019919e-06
Normal,MMP13,1.1406648709938776e-05,2.749029197673588e-06
Normal,MMP3,1.1500040980599033e-05,4.692666349019919e-06
Normal,MOMP,3.079360831824056e-12,2.5269488124328667e-12
Normal,MRTF-A,0.522717808012043,0.42892054418571596
Normal,MST1/2,0.999999988404814,1.6737241846796126e-15
Normal,mTORC1,0.5828196579412183,0.4780180201784255
Normal,mTORC2,0.4006183908559837,0.49182196928047334
Normal,NF-κB,4.99740411304345e-09,3.881518415094389e-09
Normal,NFAT,2.0049568686629114e-06,8.503149649740622e-14
Normal,NL,0.7999999999999985,1.5621425723676385e-15
Normal,NRF2,0.39998032284986024,0.49225397920650116
Normal,P38,3.679253003775982e-05,6.368187643585152e-07
Normal,PAK1,0.9864531741122846,0.0
Normal,PDK1-E,9.963419363921536e-09,8.109800299309842e-09
Normal,PDK1-M,0.999999988404814,1.6737241846796126e-15
Normal,PGE2,0.833460763523058,2.44098539590578e-07
Normal,PHD2,0.992943803484361,0.0073468343546636864
Normal,PI3K-E,5.382378642878782e-05,7.491441256297095e-20
Normal,PI3K-M,0.9999897852104206,1.227397735431716e-15
Normal,PIEZO1,0.001441375201053576,1.7434626923745965e-18
Normal,PIP3-E,7.393169027899221e-08,6.017725607857035e-08
Normal,PIP3-M,0.9999996558403942,1.5621425723676385e-15
Normal,PKC-M,0.9997954393790432,1.4505609600556643e-15
Normal,PKC-E,0.00016218774084744917,5.997443357054342e-14
Normal,PKN1,7.257028137510287e-06,7.6617012848493e-21
Normal,PLA2,0.7811629125764336,3.48987387089165e-07
Normal,PLCγ-M,0.999999988404814,1.6737241846796126e-15
Normal,PLCγ-E,9.963419363921536e-09,8.109800299309842e-09
Normal,PLD2,0.005563809415020974,0.004563911959013856
Normal,PPARγ,0.8864397247222268,0.09312440075409517
Normal,PTEN,0.9799525147218925,0.016315560755313447
Normal,RAC1-M,0.9999825184300413,6.694896738718451e-16
Normal,RAC1-E,2.7382320607536633e-10,6.235108467488038e-25
Normal,RAF-E,7.257028137510287e-06,7.6617012848493e-21
Normal,RAF-M,0.9999996558403942,1.5621425723676385e-15
Normal,RAS-E,5.382378642878782e-05,7.491441256297095e-20
Normal,RAS-M,0.9999897852104206,1.227397735431716e-15
Normal,Rheb,0.6124843130304594,0.4573439479763927
Normal,RhoA-E,5.382378642878782e-05,7.491441256297095e-20
Normal,RhoA-M,0.9999897852104206,1.227397735431716e-15
Normal,ROCK-E,7.257028137510287e-06,7.6617012848493e-21
Normal,ROCK-M,0.9999996558403942,1.5621425723676385e-15
Normal,ROS,8.482709602211522e-06,6.9609655945277e-06
Normal,RSK,0.9999999999868397,1.5621425723676385e-15
Normal,RUNX2,1.2725563679649797e-05,5.19321099770948e-06
Normal,SIRT1,0.4000010925236823,0.49235178437335936
Normal,SMIT1,0.9912755121719324,2.027775854054795e-08
Normal,SOD1,0.4000036636389357,0.49235863857018974
Normal,SOD2,0.9001003178666085,0.0817028921130644
Normal,SOX5,0.9999809016519334,7.797533572644052e-06
Normal,SOX6,0.9999809016519334,7.797533572644052e-06
Normal,SOX9,0.9994342440564773,0.00023060084872016418
Normal,TAK1,1.5734533042853206e-05,7.049601116540577e-07
Normal,TAUT,0.9912755121719324,2.027775854054795e-08
Normal,TGFβ,0.8464114426085981,7.810712861838193e-16
Normal,TIMP3,0.9980761290359075,0.0014391633631138695
Normal,TNF,1.928300668825404e-07,1.0325010930413618e-08
Normal,TonEBP,0.8457757182434388,2.2619561875958255e-07
Normal,TRPV4,0.9864539915561653,1.6737241846796126e-15
Normal,ULK1,0.39979143900756725,0.49210757045993037
Normal,VEGF,0.7802094519659396,0.06346615393045757
Normal,VHL,0.9997504187641115,0.00025960655363783963
Normal,Wnt3a,1.1864613982548345e-05,4.8418476227237635e-06
Normal,Wnt5a,0.005477487219109861,0.003920173145658114
Normal,YAP/TAZ,0.8244958852108355,1.6867287119347273e-15
Normal,α5β1-FN,0.9826345854560262,9.001531480229196e-16
Normal,α5β1-Fs,0.001441375201053576,1.7434626923745965e-18
Normal,αVβ3,0.001441375201053576,1.7434626923745965e-18
Normal,αVβ6,0.9826345854560262,8.976600278843666e-16
Normal,β-catenin,0.04890221398616182,3.9230511741069105e-05
Normal,NAD+,0.39986420069922046,0.4920837063592078
Normal,LKB1,0.4000008017600873,0.4923648584422005
Normal,SDC4-M,0.9826345854560262,9.026393821065987e-16
Normal,SDC4-E,0.001441375201053576,1.7434626923745965e-18
Normal,Hypo,0.010000000000000007,6.973850769498386e-18
Normal,NutD,1.8511743233410683e-44,1.0880397354036968e-44
Normal,MitD,1.1433161586352466e-06,9.382125313105162e-07
Hyper,ACAN,0.16650329862346555,0.3346842227458093
Hyper,ADAMTS4/5,0.9985873887752846,0.0028394319574634535
Hyper,AKT1-E,0.7437154696230706,0.3735951933238753
Hyper,AKT1-M,3.442484886468477e-05,6.919644952794122e-05
Hyper,AMPK,0.18421185380566465,0.34730855430203406
Hyper,ANXA1,0.19680589789828623,0.3955947390908076
Hyper,AP-1,0.9999464121767058,0.00010767701310569714
Hyper,AQP1,0.1998982502332235,0.4018106013770765
Hyper,AQP5,0.1998982502332235,0.4018106013770765
Hyper,BAD,0.9998989690573116,0.00020296414994474282
Hyper,BAX,0.8000000374298031,0.4020149712689984
Hyper,Bcl2,1.769372442026306e-05,3.554172309095629e-05
Hyper,BMP2,0.9998334837287309,0.00018043740940439166
Hyper,BNIP3,1.52271687574299e-05,3.060743739036091e-05
Hyper,Ca2+os,0.006136598975248838,8.717313461872983e-19
Hyper,Ca2+su,0.9848646618137881,0.03002038046976243
Hyper,CaMKII,0.0008734313103649676,4.358656730936491e-19
Hyper,CaN,0.9812908492798762,0.03759960355071327
Hyper,CASP3,0.8000000001662078,0.402015125762425
Hyper,CASP9,0.8000000011697798,0.4020151235394989
Hyper,CAT,0.1886562342380781,0.37906809012599624
Hyper,CCL2,0.9998181742576863,0.00036548234164835027
Hyper,CCN2,0.6606392782140419,0.3317822395949827
Hyper,CDC42,0.0022902892566574948,3.486925384749193e-18
Hyper,CITED2,0.19978596183210695,0.40158489287495147
Hyper,COL10A1,0.9850183544169111,0.02980360660149688
Hyper,COL1A1,0.9994658200897207,0.00022971316524127012
Hyper,COL2A1,0.19396455035216367,0.3898834154501732
Hyper,COX-2,0.999907208692269,0.00018651560743739932
Hyper,CREB,0.15630864129542224,0.3141921890983953
Hyper,CXCL1,0.9998181742576863,0.00036548234164835027
Hyper,CXCL3,0.9998181742576863,0.00036548234164835027
Hyper,DAG,5.738938172821266e-06,1.1918201998654469e-20
Hyper,DRP1,0.9798650970686452,0.04047257134198402
Hyper,ELK1,0.9997648963703368,0.00047252496858634334
Hyper,ERK-E,0.9999999996093435,1.1158161231197418e-16
Hyper,ERK-M,5.738938172821266e-06,1.1918201998654469e-20
Hyper,FAK-E,0.9996970843171059,1.1158161231197417e-15
Hyper,FAK-M,0.014876488253696472,0.0
Hyper,FGF18,0.0005426262398327462,0.0010907183169241229
Hyper,FGF2,0.9890160726110131,0.0051499796549150266
Hyper,FOXO,0.012017928614839989,0.02272681576492641
Hyper,GADD45,0.929130876892389,0.0019190106183152931
Hyper,GDF5,0.0003882449682746124,0.0007804016096706648
Hyper,GPX1,0.1886562342380781,0.37906809012599624
Hyper,GSK3B,0.8000000387001872,0.4020149719364578
Hyper,HIF-1α,0.19418378317184146,0.3903240879954847
Hyper,HIF-2α,0.800000167072911,0.40201476410119447
Hyper,HL,0.7999999999999985,1.5621425723676385e-15
Hyper,HO-1,0.1999269333104981,0.4018682562844155
Hyper,HSF1,0.027430036558591886,0.013763145143395257
Hyper,HSP27,0.005040843740008249,0.0025702960629512125
Hyper,HSP70,0.18873661697939706,0.37077911748692427
Hyper,IGF1,7.975100492960644e-06,1.6030553869828894e-05
Hyper,IKK,0.9266427158242817,0.011784439517833633
Hyper,IL1β,0.9994680408109857,0.00024083578519481456
Hyper,IL6,0.9994680408109857,0.00024083578519481456
Hyper,IL8,0.9998181742576863,0.00036548234164835027
Hyper,iNOS,0.8000152590305883,0.40198445313989717
Hyper,IP3,0.7999247843782485,0.4019278399324427
Hyper,IκBα,2.3596125769633748e-07,4.7429950194017676e-07
Hyper,JNK,0.9972624355905333,0.005499278219398029
Hyper,LATS1/2,1.4336057608617822e-06,2.1282503569025835e-21
Hyper,LIMK1,0.771052486784965,0.40718642785413034
Hyper,MAP3K,0.981284887108147,0.03761424228631811
Hyper,MEK-E,0.999999988404814,1.6737241846796126e-15
Hyper,MEK-M,4.25686939982457e-05,8.172481370505922e-20
Hyper,MKK3/6,0.9991496572778962,0.0017090998849863055
Hyper,MKK4/7,0.9991496572778962,0.0017090998849863055
Hyper,MMP1,0.9994826932256119,0.00021138332490621233
Hyper,MMP13,0.9995074382665967,0.0007796916307915372
Hyper,MMP3,0.9994826932256119,0.00021138332490621233
Hyper,MOMP,0.8000000069572648,0.40201510620278125
Hyper,MRTF-A,0.9849264179203668,0.0282279884570275
Hyper,MST1/2,4.25686939982457e-05,8.172481370505922e-20
Hyper,mTORC1,0.7593218321156311,0.40133624004333673
Hyper,mTORC2,0.0003834627965200841,0.0006840788808507716
Hyper,NF-κB,0.9852287443850655,0.029691276931816366
Hyper,NFAT,0.9991500431951209,0.0017082347332420206
Hyper,NL,0.09999999999999981,1.9526782154595481e-16
Hyper,NRF2,0.19954433094259574,0.40109919678920264
Hyper,P38,0.9972624355905333,0.005499278219398029
Hyper,PAK1,0.8466432775819626,1.6737241846796126e-15
Hyper,PDK1-E,0.8001932501444342,0.4016260693065935
Hyper,PDK1-M,4.25686939982457e-05,8.172481370505922e-20
Hyper,PGE2,0.9999310815283389,6.2949146138844574e-06
Hyper,PHD2,0.19978596183210695,0.40158489287495147
Hyper,PI3K-E,0.9999897852104206,1.227397735431716e-15
Hyper,PI3K-M,0.0022902892566574948,3.486925384749193e-18
Hyper,PIEZO1,0.9826345854560262,8.95159964155654e-16
Hyper,PIP3-E,0.8013447033739973,0.39929408359175866
Hyper,PIP3-M,0.0003149922602894081,3.81382463956943e-19
Hyper,PKC-M,0.004967285992664553,9.589044808060281e-18
Hyper,PKC-E,0.9996075542800956,0.0003841295787756974
Hyper,PKN1,0.9999996558403942,1.5621425723676385e-15
Hyper,PLA2,0.9939995328507094,0.0003656287364532622
Hyper,PLCγ-M,4.25686939982457e-05,8.172481370505922e-20
Hyper,PLCγ-E,0.8001932501444342,0.4016260693065935
Hyper,PLD2,0.9719817693164093,0.0001936771110625098
Hyper,PPARγ,0.00015548767947489055,0.0003125419768476999
Hyper,PTEN,0.17394929668192488,0.3495222432103824
Hyper,RAC1-M,1.0089427035528796e-08,1.9952347095961723e-23
Hyper,RAC1-E,0.9996743708572816,1.0042345108077675e-15
Hyper,RAF-E,0.9999996558403942,1.5621425723676385e-15
Hyper,RAF-M,0.0003149922602894081,3.81382463956943e-19
Hyper,RAS-E,0.9999897852104206,1.227397735431716e-15
Hyper,RAS-M,0.0022902892566574948,3.486925384749193e-18
Hyper,Rheb,0.020374761393686484,0.010803455470697219
Hyper,RhoA-E,0.9999897852104206,1.227397735431716e-15
Hyper,RhoA-M,0.0022902892566574948,3.486925384749193e-18
Hyper,ROCK-E,0.9999996558403942,1.5621425723676385e-15
Hyper,ROCK-M,0.0003149922602894081,3.81382463956943e-19
Hyper,ROS,0.7999996108147613,0.4020136418388909
Hyper,RSK,7.7344769138209e-07,9.577126606061625e-22
Hyper,RUNX2,0.9863508833037773,0.00020749449189397362
Hyper,SIRT1,0.19993244711633806,0.40187933945057563
Hyper,SMIT1,0.19990194450327065,0.4018180268310196
Hyper,SOD1,0.1999845436360613,0.4019840576369131
Hyper,SOD2,0.1886562342380781,0.37906809012599624
Hyper,SOX5,7.975100492960644e-06,1.6030553869828894e-05
Hyper,SOX6,7.975100492960644e-06,1.6030553869828894e-05
Hyper,SOX9,5.902313692450061e-05,0.00011864095965577957
Hyper,TAK1,0.981284887108147,0.03761424228631811
Hyper,TAUT,0.19990194450327065,0.4018180268310196
Hyper,TGFβ,0.985941660748064,1.227397735431716e-15
Hyper,TIMP3,1.3263339363508224e-07,2.666019206404843e-07
Hyper,TNF,0.999907208692269,0.00018651560743739932
Hyper,TonEBP,0.19720888553970328,0.3964047726577321
Hyper,TRPV4,0.03361277865498244,3.52024071516046e-17
Hyper,ULK1,0.21734732848812693,0.4113106845286508
Hyper,VEGF,0.9857747185013004,0.0013653876231706252
Hyper,VHL,0.19999269637915418,0.4020004452734083
Hyper,Wnt3a,0.9884975758751641,0.005254402016975183
Hyper,Wnt5a,0.995660589513969,0.006789327636974383
Hyper,YAP/TAZ,0.9299785413992464,1.0021246417423478e-15
Hyper,α5β1-FN,0.032239232124084534,3.419321062883401e-17
Hyper,α5β1-Fs,0.9826345854560262,8.976600278843666e-16
Hyper,αVβ3,0.9826345854560262,9.026393821065987e-16
Hyper,αVβ6,0.032239232124084534,3.4532886622672e-17
Hyper,β-catenin,0.23768553723393357,0.3751021363307075
Hyper,NAD+,0.19805246397020185,0.39810042955121755
Hyper,LKB1,0.199997721785672,0.4020105466871758
Hyper,SDC4-M,0.032239232124084534,3.4645371893272503e-17
Hyper,SDC4-E,0.9826345854560262,8.926528984957934e-16
Hyper,Hypo,0.010000000000000007,6.973850769498386e-18
Hyper,NutD,1.851542623727703e-44,1.0882974810685217e-44
Hyper,MitD,0.8000000387293565,0.40201497189133734
Hyper_rescue,ACAN,0.16650428689955674,0.33468620925783266
Hyper_rescue,ADAMTS4/5,0.9985874200281628,0.002839369138617423
Hyper_rescue,AKT1-E,0.7439316212717796,0.3737881778400388
Hyper_rescue,AKT1-M,8.262439632141506e-07,1.6608104211456628e-06
Hyper_rescue,AMPK,0.18350268050501736,0.3459700946512733
Hyper_rescue,ANXA1,0.19679278660900018,0.39556838440932673
Hyper_rescue,AP-1,0.9999464251747042,0.00010765088812313572
Hyper_rescue,AQP1,0.19989827438344038,0.4018106499208388
Hyper_rescue,AQP5,0.19989827438344038,0.4018106499208388
Hyper_rescue,BAD,0.9999037893032788,0.00019327510728080143
Hyper_rescue,BAX,0.8000000392957706,0.40201496803479514
Hyper_rescue,Bcl2,1.7653108870371396e-05,3.546007931982236e-05
Hyper_rescue,BMP2,0.9998334844992833,0.00018043395985935085
Hyper_rescue,BNIP3,1.559296178673706e-05,3.13427112873505e-05
Hyper_rescue,Ca2+os,0.00020118009373720636,3.2689925482023687e-19
Hyper_rescue,Ca2+su,0.984865747809429,0.030020899883886322
Hyper_rescue,CaMKII,2.716045630169003e-05,3.745720628148547e-20
Hyper_rescue,CaN,0.9812919120600231,0.037600094384257855
Hyper_rescue,CASP3,0.8000000001705119,0.4020151257542359
Hyper_rescue,CASP9,0.8000000012058253,0.4020151234807977
Hyper_rescue,CAT,0.18865333714111276,0.3790629615267233
Hyper_rescue,CCL2,0.9998181778865093,0.0003654750494057605
Hyper_rescue,CCN2,0.6605969143910952,0.3317610635329054
Hyper_rescue,CDC42,5.382378642878782e-05,7.491441256297095e-20
Hyper_rescue,CITED2,0.19978604695813537,0.4015850639869495
Hyper_rescue,COL10A1,0.9850183582253911,0.029803595094557166
Hyper_rescue,COL1A1,0.9994654233308039,0.0002295233549837373
Hyper_rescue,COL2A1,0.19396465020905712,0.38988361617360995
Hyper_rescue,COX-2,0.9999072105889256,0.0001865122930132965
Hyper_rescue,CREB,0.15621525488310767,0.31400447535862885
Hyper_rescue,CXCL1,0.9998181778865093,0.0003654750494057616
Hyper_rescue,CXCL3,0.9998181778865093,0.00036547504940576104
Hyper_rescue,DAG,1.3180901770493242e-07,3.1923755353538757e-22
Hyper_rescue,DRP1,0.9798651205864921,0.04047255374540548
Hyper_rescue,ELK1,0.9997648966237941,0.000472524802039767
Hyper_rescue,ERK-E,0.9999999996093435,1.1158161231197418e-16
Hyper_rescue,ERK-M,1.3180901770493242e-07,3.1923755353538757e-22
Hyper_rescue,FAK-E,0.9996970843171059,1.1158161231197417e-15
Hyper_rescue,FAK-M,0.0003979826085871554,1.6344962741011843e-19
Hyper_rescue,FGF18,0.0005426154878976303,0.0010906967086851962
Hyper_rescue,FGF2,0.9890161047914193,0.005150044335254621
Hyper_rescue,FOXO,0.01201374624095387,0.022725221324656802
Hyper_rescue,GADD45,0.929129810099857,0.0019193454794610772
Hyper_rescue,GDF5,0.00038823876327149744,0.0007803891375111685
Hyper_rescue,GPX1,0.18865333714111276,0.3790629615267233
Hyper_rescue,GSK3B,0.8000000405950561,0.4020149686578039
Hyper_rescue,HIF-1α,0.19418590486721393,0.390328352780291
Hyper_rescue,HIF-2α,0.8000001671128093,0.40201476419527654
Hyper_rescue,HL,0.7999999999999985,1.5621425723676385e-15
Hyper_rescue,HO-1,0.19992682761503366,0.4018680438302738
Hyper_rescue,HSF1,0.02743780957007107,0.01374829592502012
Hyper_rescue,HSP27,0.005041915657267685,0.00256822029459598
Hyper_rescue,HSP70,0.18873879450594352,0.37078352626657174
Hyper_rescue,IGF1,7.973419428269695e-06,1.602717605548412e-05
Hyper_rescue,IKK,0.9266427220989513,0.011784434709077567
Hyper_rescue,IL1β,0.9994675513060451,0.00024082223159700968
Hyper_rescue,IL6,0.9994675513060451,0.00024082223159700968
Hyper_rescue,IL8,0.9998181778865093,0.00036547504940576104
Hyper_rescue,iNOS,0.8000156255259582,0.4019837164585279
Hyper_rescue,IP3,0.8000167911889132,0.4019739832216788
Hyper_rescue,IκBα,5.66386934515476e-09,1.138479428992361e-08
Hyper_rescue,JNK,0.9972624360092199,0.0054992774697853585
Hyper_rescue,LATS1/2,3.2951674253429576e-08,5.320625892256459e-23
Hyper_rescue,LIMK1,0.7711014047405588,0.407077780919315
Hyper_rescue,MAP3K,0.9812849076032707,0.03761423162456593
Hyper_rescue,MEK-E,0.999999988404814,1.6737241846796126e-15
Hyper_rescue,MEK-M,9.780567483415567e-07,8.513001427610334e-22
Hyper_rescue,MKK3/6,0.9991496581884093,0.00170909908355963
Hyper_rescue,MKK4/7,0.9991496581884093,0.00170909908355963
Hyper_rescue,MMP1,0.9994821894541119,0.00021139844948628032
Hyper_rescue,MMP13,0.9995073552732685,0.0007796600752428173
Hyper_rescue,MMP3,0.9994821894541119,0.00021139844948628032
Hyper_rescue,MOMP,0.8000000071877339,0.4020151057564585
Hyper_rescue,MRTF-A,0.9849406360152422,0.02820089542052326
Hyper_rescue,MST1/2,9.780567483415567e-07,8.513001427610334e-22
Hyper_rescue,mTORC1,0.7593642577176715,0.4012395212395398
Hyper_rescue,mTORC2,9.360469932504164e-06,1.6589417359752627e-05
Hyper_rescue,NF-κB,0.9852290026750933,0.029690757922756404
Hyper_rescue,NFAT,0.9991500794556785,0.0017082503587053412
Hyper_rescue,NL,0.010000000000000007,6.973850769498386e-18
Hyper_rescue,NRF2,0.19953346172741152,0.4010773488451817
Hyper_rescue,P38,0.9972624360092199,0.0054992774697853585
Hyper_rescue,PAK1,0.8457755304346665,1.906054333158309e-15
Hyper_rescue,PDK1-E,0.8001932678647384,0.4016260364917241
Hyper_rescue,PDK1-M,9.780567483415567e-07,8.513001427610334e-22
Hyper_rescue,PGE2,0.9999310810344021,6.294964738845252e-06
Hyper_rescue,PHD2,0.19978604695813537,0.4015850639869495
Hyper_rescue,PI3K-E,0.9999897852104206,1.227397735431716e-15
Hyper_rescue,PI3K-M,5.382378642878782e-05,7.491441256297095e-20
Hyper_rescue,PIEZO1,0.9826345854560262,8.95159964155654e-16
Hyper_rescue,PIP3-E,0.8013448458967121,0.3992938803405968
Hyper_rescue,PIP3-M,7.257028137510287e-06,7.6617012848493e-21
Hyper_rescue,PKC-M,0.00016777441762172438,0.0
Hyper_rescue,PKC-E,0.9996075670079497,0.0003841356069053341
Hyper_rescue,PKN1,0.9999996558403942,1.5621425723676385e-15
Hyper_rescue,PLA2,0.9939994875936594,0.0003656363877987745
Hyper_rescue,PLCγ-M,9.780567483415567e-07,8.513001427610334e-22
Hyper_rescue,PLCγ-E,0.8001932678647384,0.4016260364917241
Hyper_rescue,PLD2,0.9717719301158744,0.00019459731061419693
Hyper_rescue,PPARγ,0.00015537583696632288,0.0003123171650181789
Hyper_rescue,PTEN,0.17394762050793006,0.3495194908432627
Hyper_rescue,RAC1-M,2.7382320607536633e-10,6.235108467488038e-25
Hyper_rescue,RAC1-E,0.9999825184300413,6.694896738718451e-16
Hyper_rescue,RAF-E,0.9999996558403942,1.5621425723676385e-15
Hyper_rescue,RAF-M,7.257028137510287e-06,7.6617012848493e-21
Hyper_rescue,RAS-E,0.9999897852104206,1.227397735431716e-15
Hyper_rescue,RAS-M,5.382378642878782e-05,7.491441256297095e-20
Hyper_rescue,Rheb,0.020380590778344976,0.01080986900558471
Hyper_rescue,RhoA-E,0.9999897852104206,1.227397735431716e-15
Hyper_rescue,RhoA-M,5.382378642878782e-05,7.491441256297095e-20
Hyper_rescue,ROCK-E,0.9999996558403942,1.5621425723676385e-15
Hyper_rescue,ROCK-M,7.257028137510287e-06,7.6617012848493e-21
Hyper_rescue,ROS,0.7999996292440043,0.4020136201396778
Hyper_rescue,RSK,1.7763270715181236e-08,2.6603129461282295e-23
Hyper_rescue,RUNX2,0.986350721205715,0.00020748768392716955
Hyper_rescue,SIRT1,0.19993020273324888,0.4018748280730286
Hyper_rescue,SMIT1,0.19990194323340002,0.4018180242806232
Hyper_rescue,SOD1,0.19998417238983432,0.4019833114039928
Hyper_rescue,SOD2,0.18865333714111276,0.3790629615267233
Hyper_rescue,SOX5,7.973419428269695e-06,1.602717605548412e-05
Hyper_rescue,SOX6,7.973419428269695e-06,1.602717605548412e-05
Hyper_rescue,SOX9,5.9010727942626566e-05,0.00011861602596005373
Hyper_rescue,TAK1,0.9812849076032707,0.03761423162456593
Hyper_rescue,TAUT,0.19990194323340002,0.4018180242806232
Hyper_rescue,TGFβ,0.9859322444360821,6.694896738718451e-16
Hyper_rescue,TIMP3,1.3258406733851886e-07,2.6650277698293443e-07
Hyper_rescue,TNF,0.9999072105889256,0.0001865122930132965
Hyper_rescue,TonEBP,0.19720885087769782,0.3964047030003601
Hyper_rescue,TRPV4,0.0014734271172591907,2.1793283654682456e-19
Hyper_rescue,ULK1,0.21725327157944307,0.41113269525659474
Hyper_rescue,VEGF,0.9857748061068692,0.0013652115391283937
Hyper_rescue,VHL,0.1999926975970396,0.4020004477214496
Hyper_rescue,Wnt3a,0.988495619403168,0.00525513835250187
Hyper_rescue,Wnt5a,0.9956601303169967,0.006789115021870938
Hyper_rescue,YAP/TAZ,0.9298980902810391,5.579080615598709e-16
Hyper_rescue,α5β1-FN,0.001441375201053576,1.7434626923745965e-18
Hyper_rescue,α5β1-Fs,0.9826345854560262,8.976600278843666e-16
Hyper_rescue,αVβ3,0.9826345854560262,9.026393821065987e-16
Hyper_rescue,αVβ6,0.001441375201053576,1.7396446872144266e-18
Hyper_rescue,β-catenin,0.2376909652035588,0.3751033504884718
Hyper_rescue,NAD+,0.1979896617463736,0.39797419234792103
Hyper_rescue,LKB1,0.19999764601524853,0.4020103943831907
Hyper_rescue,SDC4-M,0.001441375201053576,1.7434626923745965e-18
Hyper_rescue,SDC4-E,0.9826345854560262,8.926528984957934e-16
Hyper_rescue,Hypo,0.010000000000000007,6.973850769498386e-18
Hyper_rescue,NutD,1.8515503963292367e-44,1.0883025394212586e-44
Hyper_rescue,MitD,0.8000000405957732,0.40201496865669384
