node,class,expected,reference,delta,ci_lower,ci_upper,passed
SOX9,anabolic,Normal>Hyper,MATLAB_ANABOLIC_LIST,0.9991871813186326,0.9991219814292314,0.9992514582283425,True
ACAN,anabolic,Normal>Hyper,MATLAB_ANABOLIC_LIST,0.7836297004099122,0.7093262023476373,0.8497044946123218,True
COL2A1,anabolic,Normal>Hyper,MATLAB_ANABOLIC_LIST,0.7463728214266071,0.6591556964081295,0.8239150308661595,True
TIMP3,anabolic,Normal>Hyper,MATLAB_ANABOLIC_LIST,0.9983674741499518,0.9980752643003,0.9986596578238149,True
Bcl2,anabolic,Normal>Hyper,MATLAB_ANABOLIC_LIST,0.992584462789666,0.9922847212886852,0.992885963829457,True
AQP1,anabolic,Normal>Hyper,MATLAB_ANABOLIC_LIST,0.7345655879164874,0.6447916164480421,0.8148416112377277,True
AQP5,anabolic,Normal>Hyper,MATLAB_ANABOLIC_LIST,0.7345655879164874,0.6446815539300339,0.8147865799797255,True
HO-1,anabolic,Normal>Hyper,MATLAB_ANABOLIC_LIST,0.6967286295933707,0.607560947807706,0.7813937108688471,True
GPX1,anabolic,Normal>Hyper,MATLAB_ANABOLIC_LIST,0.6714708218652266,0.586609152110265,0.7507487216439822,True
SOD2,anabolic,Normal>Hyper,MATLAB_ANABOLIC_LIST,0.6714708218652266,0.5860824641815752,0.7530138731809917,True
CAT,anabolic,Normal>Hyper,MATLAB_ANABOLIC_LIST,0.6714708218652266,0.5877416877756999,0.7512776378030332,True
HSP27,anabolic,Normal>Hyper,MATLAB_ANABOLIC_LIST,0.4971030620140151,0.3983992999220408,0.5958657841761953,True
HSP70,anabolic,Normal>Hyper,MATLAB_ANABOLIC_LIST,0.6989508322644956,0.6165698307400644,0.7787000615836874,True
NRF2,anabolic,Normal>Hyper,MATLAB_ANABOLIC_LIST,0.24056402941667393,0.1106357468202697,0.37045025140163457,True
HIF-1α,anabolic,Normal>Hyper,MATLAB_ANABOLIC_LIST,0.5971757936381181,0.5117014534797881,0.6804330438401234,True
SIRT1,anabolic,Normal>Hyper,MATLAB_ANABOLIC_LIST,0.24008867829857855,0.11011779712268227,0.3700686808000992,True
AMPK,anabolic,Normal>Hyper,MATLAB_ANABOLIC_LIST,0.2684922237664943,0.14754408870605767,0.3888611184953671,True
COL1A1,catabolic,Normal<Hyper,MATLAB_CATABOLIC_LIST,-0.9983327844768377,-0.9985524650550461,-0.9981134304983103,True
COL10A1,catabolic,Normal<Hyper,MATLAB_CATABOLIC_LIST,-0.9805699477780889,-0.9865006341843694,-0.9738979256495607,True
IL1β,catabolic,Normal<Hyper,MATLAB_CATABOLIC_LIST,-0.9964934192638802,-0.9970759508090797,-0.9959061601498738,True
IL6,catabolic,Normal<Hyper,MATLAB_CATABOLIC_LIST,-0.9964934192638802,-0.9970806777514323,-0.995906160149874,True
IL8,catabolic,Normal<Hyper,MATLAB_CATABOLIC_LIST,-0.999763063479894,-0.9998357340541532,-0.9996813112451759,True
TNF,catabolic,Normal<Hyper,MATLAB_CATABOLIC_LIST,-0.999878903335947,-0.999915990429539,-0.999837182870918,True
MMP3,catabolic,Normal<Hyper,MATLAB_CATABOLIC_LIST,-0.9994353955228548,-0.9994780424437311,-0.9993879931554228,True
MMP13,catabolic,Normal<Hyper,MATLAB_CATABOLIC_LIST,-0.9993773466641439,-0.9995340221359105,-0.9992035150043526,True
ADAMTS4/5,catabolic,Normal<Hyper,MATLAB_CATABOLIC_LIST,-0.998162727057679,-0.9987277338335662,-0.9975271397209391,True
CCL2,catabolic,Normal<Hyper,MATLAB_CATABOLIC_LIST,-0.999763063479894,-0.9998357340644813,-0.9996813118904555,True
CXCL1,catabolic,Normal<Hyper,MATLAB_CATABOLIC_LIST,-0.999763063479894,-0.9998357350538516,-0.9996813128802229,True
CXCL3,catabolic,Normal<Hyper,MATLAB_CATABOLIC_LIST,-0.999763063479894,-0.9998357340591847,-0.999681310898577,True
COX-2,catabolic,Normal<Hyper,MATLAB_CATABOLIC_LIST,-0.999878903335947,-0.9999159907211639,-0.9998371828734999,True
PGE2,catabolic,Normal<Hyper,MATLAB_CATABOLIC_LIST,-0.16646728078707995,-0.16646868933866943,-0.16646584587574575,True
BAX,catabolic,Normal<Hyper,MATLAB_CATABOLIC_LIST,-0.7398527683248488,-0.8198368250704293,-0.6498707100594844,True
CASP3,catabolic,Normal<Hyper,MATLAB_CATABOLIC_LIST,-0.7399999945480645,-0.8199999938708994,-0.6499999953098792,True
CASP9,catabolic,Normal<Hyper,MATLAB_CATABOLIC_LIST,-0.7399998334809711,-0.8199998148277117,-0.6499998544660445,True
Wnt3a,catabolic,Normal<Hyper,MATLAB_CATABOLIC_LIST,-0.9892638371560771,-0.9904404116499526,-0.988217479662361,True
β-catenin,catabolic,Normal<Hyper,MATLAB_CATABOLIC_LIST,-0.24476976940234674,-0.32873139066540324,-0.17012278064971895,True
NF-κB,catabolic,Normal<Hyper,MATLAB_CATABOLIC_LIST,-0.9807488515500183,-0.9866519634193435,-0.9741078532111166,True
MRTF-A,catabolic,Normal<Hyper,MATLAB_CATABOLIC_LIST,-0.5459508772381594,-0.6311388202187593,-0.45748196314726447,True
ROS,catabolic,Normal<Hyper,MATLAB_CATABOLIC_LIST,-0.7356351940257893,-0.8151789783090208,-0.6461606525611323,True
YAP/TAZ,catabolic,Normal<Hyper,MATLAB_CATABOLIC_LIST,-0.10540220507020481,-0.10540220507020481,-0.10540220507020481,True
TonEBP,catabolic,Normal<Hyper,MATLAB_CATABOLIC_LIST,0.5894017935511354,0.5006583923817112,0.6682850387785277,False
P38,catabolic,Normal<Hyper,MATLAB_CATABOLIC_LIST,-0.9963750433011973,-0.9974677892148566,-0.9951471099102309,True
JNK,catabolic,Normal<Hyper,MATLAB_CATABOLIC_LIST,-0.9963750433011973,-0.9974715107773009,-0.9951471099264299,True
HSF1,catabolic,Normal<Hyper,MATLAB_CATABOLIC_LIST,0.4534760238229025,0.366758293492272,0.540850391945833,False
TGFβ,catabolic,Normal<Hyper,MATLAB_CATABOLIC_LIST,-0.13952080182748428,-0.13952080182748428,-0.13952080182748428,True
