perturbation,ACAN,ADAMTS4/5,AKT1-E,AKT1-M,AMPK,ANXA1,AP-1,AQP1,AQP5,BAD,BAX,Bcl2,BMP2,BNIP3,Ca2+os,Ca2+su,CaMKII,CaN,CASP3,CASP9,CAT,CCL2,CCN2,CDC42,CITED2,COL10A1,COL1A1,COL2A1,COX-2,CREB,CXCL1,CXCL3,DAG,DRP1,ELK1,ERK-E,ERK-M,FAK-E,FAK-M,FGF18,FGF2,FOXO,GADD45,GDF5,GPX1,GSK3B,HIF-1α,HIF-2α,HL,HO-1,HSF1,HSP27,HSP70,IGF1,IKK,IL1β,IL6,IL8,iNOS,IP3,IκBα,JNK,LATS1/2,LIMK1,MAP3K,MEK-E,MEK-M,MKK3/6,MKK4/7,MMP1,MMP13,MMP3,MOMP,MRTF-A,MST1/2,mTORC1,mTORC2,NF-κB,NFAT,NL,NRF2,P38,PAK1,PDK1-E,PDK1-M,PGE2,PHD2,PI3K-E,PI3K-M,PIEZO1,PIP3-E,PIP3-M,PKC-M,PKC-E,PKN1,PLA2,PLCγ-M,PLCγ-E,PLD2,PPARγ,PTEN,RAC1-M,RAC1-E,RAF-E,RAF-M,RAS-E,RAS-M,Rheb,RhoA-E,RhoA-M,ROCK-E,ROCK-M,ROS,RSK,RUNX2,SIRT1,SMIT1,SOD1,SOD2,SOX5,SOX6,SOX9,TAK1,TAUT,TGFβ,TIMP3,TNF,TonEBP,TRPV4,ULK1,VEGF,VHL,Wnt3a,Wnt5a,YAP/TAZ,α5β1-FN,α5β1-Fs,αVβ3,αVβ6,β-catenin,NAD+,LKB1,SDC4-M,SDC4-E,Hypo,NutD,MitD
RhoA-E↓,1.6816795128934202e-06,-1.9522953205508563e-06,-3.6411889108917864e-10,-1.0924290769353344e-14,-0.00013756449256323774,1.75392347050007e-06,-1.0665746990834445e-06,7.551129270286387e-08,7.551129270286387e-08,-3.194668486484753e-06,-0.0006153109824787596,6.627315021534907e-07,-1.130289894245573e-06,2.5136260113682725e-06,0.0,-2.256625388283862e-06,0.0,-2.1953764607618442e-06,-2.3748374494056612e-08,-7.042907836834106e-07,1.79956809983535e-08,-2.189358109430106e-06,-0.6110299780463305,0.0,2.5140151457074023e-06,-2.2931776147616654e-06,-0.1540871135122103,3.1309190321484027e-06,-1.0948705561042437e-06,1.3010657061217798e-05,-2.189358109430106e-06,-2.189358109430106e-06,0.0,-0.00019267434595325649,-2.1658568084437223e-06,0.0,0.0,0.0,0.0,-1.6169115657573868e-05,-5.208975899643198e-06,-3.481256878407708e-08,-5.153578904114719e-05,-4.296392067727226e-05,1.79956809983535e-08,-0.0006152070777503899,1.865408956509485e-05,-0.00019496838341368918,0.0,1.9063712422031701e-06,1.1256249477393032e-05,2.7304127331291463e-06,4.589419597371793e-06,2.7006849690109168e-11,-4.9307573162139516e-05,-0.013679455222207482,-0.013679455222207482,-2.189358109430106e-06,-2.2173312771956614e-06,-0.0001927141885596371,3.401798530446003e-15,-9.476626571805369e-05,9.885590863496693e-08,-0.7222155962764273,-0.00019276045102465723,0.0,0.0,-6.502778697943246e-06,-6.502778697943246e-06,-0.013649243828672688,-0.005012574892533813,-0.013649243828672688,-2.0897301265341223e-05,-0.981554439471571,0.0,1.557717916558266e-05,-9.161579803945111e-10,-0.00019378863283376347,-7.406875115800738e-08,0.0,2.1055669392141443e-07,-9.476626571805369e-05,2.4294975520243735e-05,-4.5146020496641956e-10,0.0,-2.3203219516876316e-08,2.5140151457074023e-06,0.0,0.0,0.0,-1.337026271959127e-08,0.0,0.0,-2.6403474081559963e-08,-0.9999996558403942,-9.43581929484516e-07,0.0,-4.5146020496641956e-10,2.5158449488993373e-06,1.9876154224420167e-08,9.911876296328164e-08,5.382351260558175e-05,0.0,0.0,0.0,0.0,0.0,4.84291696334836e-05,-0.9999897852104206,0.0,-0.9999996558403942,0.0,-0.016487118198160317,0.0,-2.7975731215568178e-06,1.1068699690098808e-06,2.491991418146709e-06,2.8269645346958817e-08,1.79956809983535e-08,2.7006849690109168e-11,2.7006849690109168e-11,1.9995635432672254e-10,-0.00019276045102465723,2.491991418146709e-06,-0.14823678360410686,3.4017718450258005e-11,-1.0948705561042437e-06,1.8488109072018503e-05,0.0,-1.9308956561626704e-05,-1.093191442522068e-05,1.6636564108284535e-08,-0.1003434805698032,-0.09620948156008344,-0.9298973567517996,0.0,0.0,0.0,0.0,-0.05302251427395224,8.155316886872468e-06,1.4927624235564777e-07,0.0,0.0,0.0,0.0,-0.004689447279823168
PIEZO1↓,-0.0021011486565229442,-0.0013042727406277332,3.64786249018128e-07,-1.750153986801527e-10,1.739937004241346e-07,6.074782034303277e-08,-0.0008352597388716843,-9.929593221886881e-05,-9.929593221886881e-05,-0.002147316586342124,-1.8394618549775402e-05,0.00027615620951432164,-0.00011407713312641565,-1.8774847815741528e-07,0.0,-0.2922740052112332,0.0,-0.23631083015655027,-7.753551342106579e-10,-2.1483639396793537e-08,-0.00021277895903505344,-0.0002151963575816851,1.042447824259216e-05,0.0,-0.00029006657673853146,-0.0030590146908950834,-0.00027305743298110084,-0.00028069941937941485,-0.004569160483175224,4.480794853271386e-07,-0.0002151963575816851,-0.0002151963575816851,0.0,-0.2338375392656667,-0.017928555443164705,0.0,0.0,0.0,0.0,0.0007453027335385864,-0.00017857817106543882,-0.0009941443993628479,-0.004906970031884806,0.000495821984765174,-0.00021277895903505344,-1.839141422010736e-05,-0.006184776261342967,-5.833763911872051e-06,0.0,-7.930065852689685e-05,0.0005208467755958876,7.385406499168494e-05,-0.00021922203128394303,0.00029608681447065556,-0.23471549518870446,-0.000137227085162549,-0.000137227085162549,-0.0002151963575816851,-2.8455778781491644e-07,-5.645139589896701e-06,1.3706029733730205e-07,-0.036584029672607106,0.0,3.5989898711022426e-08,-0.23631986999184268,0.0,0.0,-0.25891647162892933,-0.25891647162892933,-0.0004529437156344074,-0.0013239440142285297,-0.0004529437156344074,-6.262834405336235e-07,-4.395257491296434e-09,0.0,-3.3281859458105228e-06,1.925667040858256e-10,-0.014150780672595262,-0.258916135815457,0.0,8.45738768653312e-08,-0.036584029672607106,6.217248937900877e-17,3.562463471764219e-06,0.0,-0.0001549932737894333,-0.00029006657673853146,0.0,0.0,-0.9826345854560262,2.3452538056304377e-05,0.0,0.0,-0.019831567020358175,0.0,-0.008294049754750647,0.0,3.562463471764219e-06,-0.0011220252521443996,0.0001810096604319796,-0.00030550412767868296,0.0,0.0,0.0,0.0,0.0,0.0,1.4522949010982072e-06,0.0,0.0,0.0,0.0,-0.0005256488720858452,0.0,-0.0022433348471481407,5.095499248871616e-08,-4.8181712400237365e-05,3.522689700816022e-09,-0.00021277895903505344,0.00029608681447065556,0.00029608681447065556,0.0020382602217970717,-0.23631986999184268,-4.8181712400237365e-05,0.0,2.243205916895362e-06,-0.004569160483175224,-0.0012975873101216853,0.0,7.113730806936513e-07,-0.000843103043704837,-9.875152381566969e-06,-0.0004579060888653941,-0.00015631415513341572,0.0,0.0,0.0,0.0,0.0,-0.0006159712247389643,7.364475105058642e-07,5.1025625051416254e-09,0.0,0.0,0.0,0.0,-0.00014280150547678217
PI3K-E↓,1.3986307483415287e-09,-9.110331866679644e-10,-0.6881432001262198,1.7449616072026817e-07,2.3956982761023147e-05,7.201086001758982e-10,-7.245402322553219e-10,-2.117050765353084e-12,-2.117050765353084e-12,-2.5134783442348762e-08,-2.067317777892039e-07,-1.7982851503598665e-07,-4.6091984673424235e-10,9.6415631575257e-10,0.0,-0.0006828421602246926,0.0,-0.0006696112980220892,-7.065332959587826e-10,-2.0970763851576263e-08,0.004503753487421028,-8.827802411293107e-10,-8.873344816990995e-08,0.0,9.35149734181802e-10,-3.533727062077219e-09,-8.694540898357417e-10,1.3150997695328635e-09,-1.2969822321684532e-07,5.3430027723632236e-09,-8.827802411293107e-10,-8.827802411293107e-10,0.0,-1.234314031557493e-05,-1.249639081479792e-07,0.0,0.0,0.0,0.0,1.8067213575660399e-09,-2.0779212184240946e-09,0.03309726559389874,0.00802633114878549,2.1149751427825194e-10,0.004503753487421028,-2.5348969497358547e-07,6.4603854726174374e-09,-7.63935308000776e-08,0.0,7.620843843722244e-10,-3.875700328607577e-05,-9.416814940466485e-06,-5.996228034708002e-06,2.898793443805272e-10,-3.007020977329189e-06,-4.921132612523138e-10,-4.921132612523138e-10,-8.827802411293107e-10,-9.222662648576447e-10,-0.05303321848427092,8.532775975506003e-10,-4.38415417070015e-08,0.0,-8.570306916202401e-06,-1.0459061915412126e-05,0.0,0.0,-4.232466255438272e-07,-4.232466255438272e-07,-8.076874180584781e-10,-2.998491897332478e-08,-8.076874180584781e-10,1.7068844741608764e-08,-9.966761055690831e-08,0.0,-0.0009418173345608771,1.986042462037176e-08,-7.753552958900123e-08,-2.2936508176097935e-05,0.0,5.045766496444494e-10,-4.38415417070015e-08,3.9968028886505634e-17,-0.7402513389293703,0.0,-7.721026441198653e-08,9.35149734181802e-10,-0.9999897852104206,0.0,0.0,-0.7417509918329638,0.0,0.0,-8.013026503855825e-06,0.0,-6.653072934053039e-06,0.0,-0.7402513389293703,-3.752968498493825e-07,5.4539278782791086e-11,0.0038492180486064593,0.0,0.0,0.0,0.0,0.0,0.0,-0.019073535574004024,0.0,0.0,0.0,0.0,-6.634411099743426e-06,0.0,-2.073218281495315e-09,1.6996169587947282e-09,1.0189217398202832e-09,6.287964302347417e-11,0.004503753487421028,2.898793443805272e-10,2.898793443805272e-10,2.139818035723186e-09,-1.0459061915412126e-05,1.0189217398202832e-09,0.0,6.094909304129309e-10,-1.2969822321684532e-07,7.453817560933075e-09,0.0,1.055257852243142e-07,-4.3717605635595904e-09,7.989667935238459e-14,-1.2791733960959562e-09,-0.007480495291772149,0.0,0.0,0.0,0.0,0.0,4.496148681060186e-08,1.282049965569508e-08,2.2799964217434964e-10,0.0,0.0,0.0,0.0,-1.8001448330906328e-06
FAK-E↓,-0.0031674371643614476,-0.0014399264315712757,-0.6881402359018578,3.138800664945784e-06,0.6023378466932736,-0.2558309615739448,-0.017911410294883558,-0.0012012816041065697,-0.0012012816041065697,-0.0025638863503629674,-0.0006166371803498478,-2.1936496387654015e-05,-0.001429119577405108,9.56351863413675e-07,0.0,-0.0007489460785261837,0.0,-0.0007340600317318635,-3.783527755997546e-08,-1.122209413837825e-06,0.7012319663870591,-0.00044638569332358327,-0.611002268561941,0.0,-0.00029843558152347163,-0.031639954538284255,-0.16324531486641458,-0.004571592884109784,-0.00020543441133507922,-0.20308234605391312,-0.00044638569332358327,-0.00044638569332358327,0.0,-0.00020653727013221655,-0.07781813397879228,-0.9999999996093435,0.0,-0.9996970843171059,0.0,0.00014795919713279224,-0.0006028425708896879,0.9754069027137012,0.07060666035712936,-0.0005043395676395398,0.7012319663870591,-0.0006171357690870023,-0.006376074761870016,-0.00019672192874504408,0.0,-7.831747891535331e-05,-0.024825010215904126,-0.004599749526974846,-0.03174972297240068,2.754632714573458e-05,-5.2714602499116526e-05,-0.014979613538475616,-0.014979613538475616,-0.00044638569332358327,-0.0001295595139770566,-0.057762257688947376,1.4840980104537675e-08,-0.04767971175628923,9.885590863496693e-08,-0.7222160262455652,-0.0002047691735831747,-0.999999988404814,0.0,-6.979011214657271e-06,-6.979011214657271e-06,-0.014885507408767125,-0.006257848921684952,-0.014885507408767125,-2.0831098269216536e-05,-0.981554482930381,0.0,-0.7066312529589119,2.933984437527755e-05,-0.014708874434814976,-2.5120086848359203e-05,0.0,4.621832055351518e-05,-0.04767971175628923,-0.8457658532051978,-0.7402513389293703,0.0,-0.0003109902377702145,-0.00029843558152347163,-0.9999897852104206,0.0,0.0,-0.7417509918329638,0.0,0.0,-8.788048069063859e-06,-0.9999996558403942,-0.026215719350140408,0.0,-0.7402513389293703,-0.19201685061246537,0.0003452168875051546,0.6534778750329463,5.382351260558175e-05,-0.9999825184300413,-0.9999996558403942,0.0,-0.9999897852104206,0.0,-0.019073524112290047,-0.9999897852104206,0.0,-0.9999996558403942,0.0,-0.01652346079403944,0.0,-0.16998113915111215,9.87275868213377e-05,-0.0051317342608837,3.3331129184046124e-06,0.7012319663870591,2.754632714573458e-05,2.754632714573458e-05,0.00020194421827160545,-0.0002047691735831747,-0.0051317342608837,-0.14823678360410686,0.0004197863306621069,-0.00020543441133507922,-0.06031001615235774,0.0,0.7214253271081266,-0.0008779696740560928,-1.0242239414351542e-05,-0.16314740785367857,-0.9944147276418017,-0.9298973567517996,0.0,0.0,0.0,0.0,-0.29369878240514835,0.0008483312028125665,1.2723495585623222e-05,0.0,0.0,0.0,0.0,-0.004700272843270008
ROS↓,0.6219008801122938,-0.005080494431242714,-1.893886498586451e-07,-5.494633793566609e-13,-0.008782683307338286,0.7281329994644365,-0.00013684802585929524,0.7397785254412038,0.7397785254412038,-0.0003534739910920004,-0.7398528103844437,9.370435588196842e-05,-0.0003313876763752466,0.7396915810815545,0.0,-0.0006594628056610807,0.0,-0.000641937188037639,-0.7399999945480816,-0.7399998334810952,-3.480500203087101e-07,-0.0006712740384610294,-0.6106300170914596,0.0,0.7396915849659975,-0.05484922096466959,-1.885523185391702e-05,0.7182747795205104,-0.0003231931349221173,0.5779941023033863,-0.0006712740384610294,-0.0006712740384610294,0.0,-0.05200037193663279,-0.0006354454149081123,0.0,0.0,0.0,0.0,0.0020062284301144,0.009646909918392477,-3.3811478020062927e-06,-0.017021904226613902,0.0014361513810953691,-3.480500203087101e-07,-0.7398528350478253,0.7311793699120274,-0.7399506262573575,0.0,0.6857140703535751,0.00215356388587166,0.0005119589098342002,0.6892791913078584,2.8346069289625388e-05,-0.015479415493360037,-0.0003554139597475015,-0.0003554139597475015,-0.0006712740384610294,-0.0006712658992913544,-0.051846997107874104,2.573006923945127e-14,-0.01007003174984773,0.0,0.00995478420172464,-0.05204234277068801,0.0,0.0,-0.0021870883491777802,-0.0021870883491777802,-0.0003870642207117525,-0.001320074362727386,-0.0003870642207117525,-0.7399950227391932,0.0006787875839955049,0.0,0.024689519144828486,-7.122476550687514e-07,-0.05459642894654111,-2.168463850421576e-05,0.0,-3.559591383203254e-08,-0.01007003174984773,4.662936703425657e-17,1.4910375014461248e-09,0.0,-4.880707228360759e-06,0.7396915849659975,0.0,0.0,0.0,4.4519444602625355e-08,0.0,0.0,-7.72247299524409e-06,0.0,-0.00010530114782790312,0.0,1.4910375014461248e-09,-3.6000095604671325e-07,-2.872487207670139e-09,-3.2952351117149795e-07,0.0,0.0,0.0,0.0,0.0,0.0,0.5804681680227372,0.0,0.0,0.0,0.0,-0.7357049910933479,0.0,-0.0003772592953142062,-2.6272210384948565e-07,0.7396366310591591,-5.731161349042485e-09,-3.480500203087101e-07,2.8346069289625388e-05,2.8346069289625388e-05,0.0002098087581407816,-0.05204234277068801,0.7396366310591591,0.0,6.061510302824084e-09,-0.0003231931349221173,0.7296693209362026,0.0,-0.009871701401153891,-0.0020513577063762368,0.7399897031742957,0.00967533678979504,-0.0008017399688969063,0.0,0.0,0.0,0.0,0.0,0.6904388978061856,-1.8306699582105033e-06,-3.598304590044266e-08,0.0,0.0,0.0,0.0,-0.6871502078276777
SOX9↑,0.6678014984420376,-0.005124502776269384,-5.089784293439893e-06,2.921358918686612e-09,4.39282535778052e-05,3.254621804131853e-11,-0.9331923140632196,-1.8367802304719447e-08,-1.8367802304719447e-08,-4.540438902633781e-10,-1.097895411208848e-10,8.219072838469986e-07,-0.13514571310589235,-2.4649935526197286e-08,0.0,-1.4502672097360668e-06,0.0,-2.3823415513790634e-06,-2.9037823432774873e-13,-2.819822628102837e-12,4.985590812051315e-07,-0.05907244313844196,0.3849730478748231,0.0,-6.276493574491198e-08,-0.9805699485013005,-0.9495626351541202,0.5845998274340025,-0.012164933652699425,2.3142839746157156e-10,-0.05907244313844196,-0.05907244313844196,0.0,-9.4482321374878e-07,-7.445709688802537e-09,0.0,0.0,0.0,0.0,-0.0001817419284264112,-0.09491559613460104,1.6117029146176517e-06,4.6029308076622754e-07,0.000213207331147564,4.985590812051315e-07,-1.0630136484426719e-10,-1.4416798431368155e-06,4.931282233313025e-11,0.0,-8.80046140203257e-09,-5.634461609414261e-07,-7.961650524175322e-08,-1.5637695490821807e-07,0.9999896640737357,-2.0169893637733694e-07,-0.021599930761198437,-0.021599930761198437,-0.05907244313844196,-0.039903880991954147,-5.063288802594718e-06,2.0075878968561982e-11,-9.736434347651368e-10,0.0,-3.491654931781444e-06,-5.310017058668404e-07,0.0,0.0,-3.1893783254410834e-08,-3.1893783254410834e-08,-0.9994503687302273,-0.999391650132987,-0.9994503687302273,-1.8136105945644478e-11,-8.975706636704662e-07,0.0,-2.336183059070616e-05,1.879059489926862e-09,-5.178507045400238e-10,-1.4306218893977983e-07,0.0,7.359585129080315e-07,-9.736434347651368e-10,6.550315845288423e-17,-4.9623740955219485e-05,0.0,-0.0001405893777109357,-6.276493574491198e-08,0.0,0.0,0.0,-0.0003327561570971552,0.0,0.0,-2.027016088979039e-08,0.0,-1.580739696915856e-08,0.0,-4.9623740955219485e-05,-0.01071368373359228,0.01347344029972475,0.004590733325639295,0.0,0.0,0.0,0.0,0.0,0.0,-1.5101634792458794e-07,0.0,0.0,0.0,0.0,-7.831141074355713e-10,0.0,-0.9863191177877509,1.5310278429195492e-07,3.124658892882735e-13,2.514123397403022e-08,4.985590812051315e-07,0.9999896640737357,0.9999896640737357,0.9999235039530332,-5.310017058668404e-07,3.124658892882735e-13,0.0,0.7150860203274884,-0.012164933652699425,8.472558961973397e-12,0.0,1.26732544127426e-05,-5.4674825757938804e-08,-2.0289766468668023e-09,-0.9892792855198794,-6.756207919900171e-07,0.0,0.0,0.0,0.0,0.0,-0.2804188828064886,4.280120468415501e-06,5.169820355778402e-09,0.0,0.0,0.0,0.0,-8.068858269527028e-11
PPARγ↑,0.6673015568169188,-0.9981631567656677,-0.688064384733062,5.407489546953996e-07,0.008110186596402278,1.8302479770660595e-09,-0.9299531511709105,-5.580800917936067e-07,-5.580800917936067e-07,-7.455183702043122e-08,-2.346672973900889e-07,1.0644518856264499e-05,-0.012331026977324404,-7.458410979512438e-07,0.0,-0.0006795593871494909,0.0,-0.0006661273698403469,-2.3849869572335657e-09,-7.0617171911662e-08,0.004530130887564595,-0.05817495324641899,-1.0596538538292064e-07,0.0,-1.9174488878499802e-06,3.630585931890806e-10,-0.947292336815911,0.5843552174549466,-0.012067186648016138,1.3279992935893431e-08,-0.05817495324641899,-0.05817495324641899,0.0,-1.2043499040529371e-05,-1.225335063315125e-07,0.0,0.0,0.0,0.0,2.107869403663422e-09,-0.9897605004182191,0.03321760203925876,0.008053980772697531,4.2058447295795363e-10,0.004530130887564595,-3.057217149606048e-07,-4.386430067723504e-05,-7.459643853160487e-08,0.0,-2.727869666531662e-07,-0.006548494246152334,-0.00147914527236648,-0.0009639315046122772,-9.787505666124925e-11,-2.942782582280312e-06,-0.9994313054867908,-0.9994313054867908,-0.05817495324641899,-0.039893881140256736,-0.052825609081336065,2.587898538772062e-09,-4.4121080863268604e-08,0.0,-0.002697309075000495,-1.0279190285090723e-05,0.0,0.0,-4.1330980285581023e-07,-4.1330980285581023e-07,-0.01364543139191602,-0.0017711072367840074,-0.01364543139191602,-9.247424540156632e-09,-5.7505983256408435e-05,0.0,-0.1559402147904166,3.7260148436733392e-06,-8.421788084467253e-08,-2.2800219855126924e-05,0.0,2.204133826751739e-05,-4.4121080863268604e-08,7.327471962526034e-17,-0.739480290372272,0.0,-0.0001395148068947427,-1.9174488878499802e-06,0.0,0.0,0.0,-0.7363747866964441,0.0,0.0,-7.973584779544795e-06,0.0,-6.620624510752515e-06,0.0,-0.739480290372272,-0.971742883783318,0.9997980065390784,0.670780733011188,0.0,0.0,0.0,0.0,0.0,0.0,-0.019071793086059316,0.0,0.0,0.0,0.0,-6.631795040439231e-06,0.0,-1.0459718735589263e-09,4.872983823286726e-06,1.2583027406045268e-09,7.595848017376319e-07,0.004530130887564595,-9.787505666124925e-11,-9.787505666124925e-11,-7.224763939463399e-10,-1.0279190285090723e-05,1.2583027406045268e-09,0.0,0.7204939013601739,-0.012067186648016138,1.0046316876308336e-08,0.0,0.0005142493694753118,-1.6674044791564757e-06,-6.17230982268744e-08,-6.027574950273618e-10,-0.007520323138711628,0.0,0.0,0.0,0.0,0.0,5.554020922893255e-08,0.00012911626194865382,2.0039131185674746e-07,0.0,0.0,0.0,0.0,-1.795503550844549e-06
HIF-1α↑,0.6311842536060316,-7.168473725949198e-08,-3.615743983517369e-13,1.9919633162997912e-16,1.8834752236584347e-12,0.0,-9.30301743751194e-08,0.0002445680680037799,0.0002445680680037799,0.0,-4.633002347311454e-18,5.181108137308746e-14,-2.5699844541371418e-09,0.73999984173152,0.0,-1.0345502232667059e-13,0.0,-1.699329565951757e-13,0.0,0.0,2.7853579089454765e-14,-1.198835956062183e-09,1.9288907537827992e-07,0.0,0.7404226184083588,-1.1923188694185073e-06,-1.0119884932602297e-07,0.5785403260483943,-5.671272784724124e-10,4.4402212484064005e-17,-1.198835956062183e-09,-1.198835956062183e-09,0.0,-6.743050562363351e-14,-5.484501741648274e-16,0.0,0.0,0.0,0.0,1.2956625672259997e-10,0.01009649018325364,9.917111186072414e-14,2.8252955530660983e-14,-1.577581844510832e-11,2.7853579089454765e-14,-4.697543081518679e-18,0.7510245471813306,-2.0401042869034582e-05,0.0,0.6882537074883135,-2.4090700781627655e-14,-3.3775399003568354e-15,-6.716474499608531e-15,1.2121398400349018e-07,-1.4375167722846526e-14,-7.5266948340591e-10,-7.5266948340591e-10,-1.198835956062183e-09,-2.3987848295659467e-10,-3.611938929914439e-13,1.3420264284844026e-18,-1.4432899320127036e-16,0.0,-1.4966441280739318e-13,-3.7814196218732834e-14,0.0,0.0,-2.2803980925800714e-15,-2.2803980925800714e-15,-1.3419946130688308e-07,-1.7212370134633837e-07,-1.3419946130688308e-07,0.0,-3.8546943414985434e-14,0.0,-9.957692916756634e-13,8.03082779313527e-17,-5.995204332975846e-17,-1.0189626920009687e-14,0.0,3.186562125279124e-14,-1.4432899320127036e-16,1.7763568394002505e-17,-3.5304059914191553e-12,0.0,-6.4719107850663705e-12,0.7404226184083588,0.0,0.0,0.0,-2.328103169448037e-11,0.0,0.0,-1.4432899320127035e-15,0.0,-1.0380585280245213e-15,0.0,-3.5304059914191553e-12,-4.635785511020174e-10,8.156121570945022e-10,3.043076011363915e-10,0.0,0.0,0.0,0.0,0.0,0.0,-1.040627573871346e-14,0.0,0.0,0.0,0.0,-3.413683384904075e-17,0.0,-3.226023475033646e-07,6.665844024217153e-15,0.0,1.0658141036401502e-15,2.7853579089454765e-14,1.2121398400349018e-07,1.2121398400349018e-07,8.958459334375253e-07,-3.7814196218732834e-14,0.0,0.0,1.8573218720246216e-10,-5.671272784724124e-10,-6.818615225397118e-21,0.0,5.438749450803471e-13,0.01042531233011004,0.0001615794828396807,-1.8387470663738802e-07,-4.153677402030098e-14,0.0,0.0,0.0,0.0,0.0,-2.3764548581807487e-07,1.854544257962401e-13,1.9984014443252818e-16,0.0,0.0,0.0,0.0,-4.904388527238179e-18
NRF2↑,0.6221065510629419,-0.005190903984554664,-2.3774085472664462e-07,-2.1350033783727933e-13,-0.00878268305624444,0.7281329994644365,-0.00018246523948836746,0.7397785249051707,0.7397785249051707,-0.00035347399115054356,-0.7398528103844437,9.371647366291051e-05,-0.00033167607904338483,-2.0727325870463375e-05,0.0,-0.0006594634857382464,0.0,-0.0006419378590848923,-0.7399999945480816,-0.7399998334810952,0.6883366446108119,-0.0006718841605255977,-0.6106300170914803,0.0,0.7396915833403456,-0.054849220961159906,-6.626985134342234e-05,0.718296382247923,-0.0003234760641385415,0.5779941023033863,-0.0006718841605255977,-0.0006718841605255977,0.0,-0.05200037211867907,-0.0006354454173406355,0.0,0.0,0.0,0.0,0.0020062284301176057,0.009583164499778887,-3.380615743051441e-06,-0.017021904034287414,0.0014361513810979675,0.6883366446108119,-0.7398528350478253,0.7311793249713376,-0.7399506262560221,0.0,0.7399066988312445,0.0021534337645388443,0.0005119260039185678,0.6892791598254946,2.8346068939597608e-05,-0.01547941555654909,-0.000422131757627624,-0.000422131757627624,-0.0006718841605255977,-0.7400197549888481,-0.05184704548805805,2.7835955357781607e-14,-0.010070031750131245,0.0,0.009954784173740131,-0.05204234295392746,0.0,0.0,-0.002187088358710777,-0.002187088358710777,-0.00038737746177478047,-0.0013201700665149828,-0.00038737746177478047,-0.7399950227391932,0.0006787875793404352,0.0,0.02468630997196346,-7.121814039973478e-07,-0.05459642894662354,-2.1684661755241307e-05,0.0,0.7406064485711462,-0.010070031750131245,4.218847493575595e-17,-1.8028192874290986e-07,0.0,-4.8839321400584445e-06,0.7396915833403456,0.0,0.0,0.0,-5.340710603190923e-06,0.0,0.0,-7.722480995004944e-06,0.0,-0.00010530115457873634,0.0,-1.8028192874290986e-07,-0.00024801227991617323,0.00043899619539165135,3.958043670401202e-05,0.0,0.0,0.0,0.0,0.0,0.0,0.5804681405719598,0.0,0.0,0.0,0.0,-0.7357049910933479,0.0,-0.00037725929438779394,-2.6272078963790513e-07,0.7396366310591591,0.7400205690573923,0.6883366446108119,2.8346068939597608e-05,2.8346068939597608e-05,0.00020980875555647147,-0.05204234295392746,0.7396366310591591,0.0,1.2963208442565638e-08,-0.0003234760641385415,0.729669320936193,0.0,-0.009871701337056433,-0.002051359299393786,0.7399897031193902,0.009675336790195584,-0.0008017400624827631,0.0,0.0,0.0,0.0,0.0,0.6904388978069398,-1.8306441234393623e-06,-3.5982947899339176e-08,0.0,0.0,0.0,0.0,-0.6871502078276777
IκBα↑,0.006652732083275428,-0.021308421868097907,-4.9695065268162795e-06,2.8465852761617594e-09,4.238644229242779e-05,3.129285780866918e-11,-0.0020936997671539793,-1.765953844054069e-08,-1.765953844054069e-08,-4.424212052267507e-10,-1.0647161719281668e-10,7.987299654928783e-07,-0.01384096664800635,-2.369996614181769e-08,0.0,-1.414108502674205e-06,0.0,-2.3229404675717546e-06,-2.874922174853322e-13,-2.9558465925352946e-12,4.823865462816213e-07,-0.07045322635101822,8.953647414062468e-06,0.0,-6.034469683096165e-08,-0.00204063830117701,-0.002297234829060978,0.0007161236532786762,-0.013522836673582292,2.2251631649641413e-10,-0.07045322635101822,-0.07045322635101822,0.0,-9.21259166429822e-07,-7.2599960920793905e-09,0.0,0.0,0.0,0.0,0.8932197644351385,-0.11551092710777232,1.5639585936035277e-06,-0.9266005761505123,0.2220046347896725,4.823865462816213e-07,-1.024264282476087e-10,-1.386088874964191e-06,-0.052986591533174324,0.0,-8.460886812909881e-09,-5.436868568655066e-07,-7.69955078524617e-08,-1.5063912242223732e-07,0.00015481111067530543,-1.9666807816953734e-07,-0.022824001579970207,-0.022824001579970207,-0.07045322635101822,-0.05188898276800102,-4.937325390392869e-06,0.9999999926369721,-9.49041643050208e-10,0.0,-3.3696963977381325e-06,-5.177573111381229e-07,0.0,0.0,-3.109827342973048e-08,-3.109827342973048e-08,-0.01577802469686707,-0.0022332388433471927,-0.01577802469686707,-1.835200871616385e-11,-8.661258358499957e-07,0.0,-2.25805173652117e-05,1.8138140561038344e-09,-0.9807488666061452,-1.3949490228148952e-07,0.0,7.075956989008227e-07,-9.49041643050208e-10,3.552713678800501e-17,-4.840985523700691e-05,0.0,-0.00015650100547864976,-6.034469683096165e-08,0.0,0.0,0.0,-0.0003250969585431557,0.0,0.0,-1.9764765252228144e-08,0.0,-1.541327111387325e-08,0.0,-4.840985523700691e-05,-0.010340024296042851,0.013130702665082244,0.004473422409321175,0.0,0.0,0.0,0.0,0.0,0.0,-1.487419113422928e-07,0.0,0.0,0.0,0.0,-7.529901180532912e-10,0.0,-0.0004111881581591126,1.4720712732570033e-07,2.869678036437579e-13,2.4172380949392493e-08,4.823865462816213e-07,0.00015481111067530543,0.00015481111067530543,0.0011005979928427707,-5.177573111381229e-07,2.869678036437579e-13,0.0,9.589830776537117e-06,-0.013522836673582292,7.760552162137567e-12,0.0,1.2229264851827111e-05,-0.17199524013481493,-1.9507348922270386e-09,-0.11470165127783119,-0.11179560088850703,0.0,0.0,0.0,0.0,0.0,-0.00032807523978098494,4.115242986505106e-06,4.9709952441894305e-09,0.0,0.0,0.0,0.0,-7.759297333289044e-11
SOX9↑ + RhoA-E↓,0.6678086210216908,-0.005125901591987465,-5.0897545763427895e-06,2.9212392924308105e-09,-9.352778286358491e-05,1.7539519606398824e-06,-0.9331943687867469,5.713008050155253e-08,5.713008050155253e-08,-3.1951224079251884e-06,-0.0006153110945755866,1.48473808588182e-06,-0.13521606735222794,2.4889771799901965e-06,0.0,-3.7068849626242793e-06,0.0,-4.577705320497616e-06,-2.3748648036091406e-08,-7.042938172423409e-07,5.165414386999311e-07,-0.059111588255930346,0.30983286953854344,0.0,2.451252923605306e-06,-0.9805699485013005,-0.9979047635078251,0.5846185890328599,-0.012169944101340415,1.3010859647358095e-05,-0.059111588255930346,-0.059111588255930346,0.0,-0.00019361912660392666,-2.1733019883685144e-06,0.0,0.0,0.0,0.0,-0.00018377215343856216,-0.09497375321606345,1.5768654540457154e-06,-5.107549476118911e-05,0.00021589921243677856,5.165414386999311e-07,-0.0006152071710165947,1.7212475555844318e-05,-0.0001949683337966443,0.0,1.8975718373199712e-06,1.0692731794337262e-05,2.6508014324458754e-06,4.433045922345044e-06,0.9999896640737357,-4.9509257788719065e-05,-0.16430297547944175,-0.16430297547944175,-0.059111588255930346,-0.03994320692870923,-0.00019777748811124465,2.0078777419489838e-11,-9.47672363945351e-05,9.885590863496693e-08,-0.7222155962935518,-0.00019329141480204815,0.0,0.0,-6.534670226390205e-06,-6.534670226390205e-06,-0.9994503687302273,-0.999391650132987,-0.9994503687302273,-2.089733150753354e-05,-0.9815544394733016,0.0,-7.824018015087928e-06,9.66245730489989e-10,-0.00019378912232358104,-2.171301798337133e-07,0.0,9.464838391372663e-07,-9.47672363945351e-05,2.4294975520243735e-05,-4.962272324905603e-05,0.0,-0.00014065900868207915,2.451252923605306e-06,0.0,0.0,0.0,-0.00033272576260266333,0.0,0.0,-4.667352765608257e-08,-0.9999996558403942,-9.593892110015823e-07,0.0,-4.962272324905603e-05,-0.010708411753251983,0.01347041094955399,0.004590516093089889,5.382351260558175e-05,0.0,0.0,0.0,0.0,0.0,4.827690306864774e-05,-0.9999897852104206,0.0,-0.9999996558403942,0.0,-0.016487118884927446,0.0,-0.9863191177877509,1.260014047399809e-06,2.491991560939047e-06,5.341069924163505e-08,5.165414386999311e-07,0.9999896640737357,0.9999896640737357,0.9999235039530332,-0.00019329141480204815,2.491991560939047e-06,-0.14823678360410686,0.7150894351559949,-0.012169944101340415,1.848811289928594e-05,0.0,-6.591327790058271e-06,-1.098658566028643e-05,1.4594451464721455e-08,-0.9892792855198794,-0.09621276325972236,-0.9298973567517996,0.0,0.0,0.0,0.0,-0.2863814792177253,1.2435543755105838e-05,1.544526043470875e-07,0.0,0.0,0.0,0.0,-0.0046894473508343505
SOX9↑ + PIEZO1↓,0.6677145311290392,-0.010080571205523747,-5.797256818338216e-06,3.4097682828250994e-09,6.330884463471397e-05,6.077961868834083e-08,-0.9347114954255538,-9.93462463931395e-05,-9.93462463931395e-05,-0.0021473179641333527,-1.8394732013730854e-05,0.00029021554008046193,-0.14339451152426633,-2.22910902573836e-07,0.0,-0.29227462617902733,0.0,-0.23631151373849113,-7.756673863314172e-10,-2.1486630876035154e-08,-0.00021210586156189515,-0.06416923827565947,0.38497301899615116,0.0,-0.00029025185860947567,-0.9805699485013005,-0.950046178487177,0.5845581515667247,-0.05881932380875241,4.483055960789805e-07,-0.06416923827565947,-0.06416923827565947,0.0,-0.23383760844378598,-0.017928572181971726,0.0,0.0,0.0,0.0,0.0003366621395010781,-0.09945589580616558,-0.0009920854825322281,-0.004906217938946835,0.0009743804345578144,-0.00021210586156189515,-1.839151820089943e-05,-0.0061884468214564,-5.8336170027244605e-06,0.0,-7.933509423600459e-05,0.0005197201978286813,7.369046643208455e-05,-0.00021954025776383632,0.9999896640737357,-0.2347155023953208,-0.025731927616395405,-0.025731927616395405,-0.06416923827565947,-0.03990560136343939,-1.1780156593677426e-05,1.3754167512047952e-07,-0.036584033844354415,0.0,-4.979545207912089e-06,-0.23631993281610886,0.0,0.0,-0.25891648009521145,-0.25891648009521145,-0.9994503687302273,-0.999391650132987,-0.9994503687302273,-6.263031983002072e-07,-1.2939876120066085e-06,0.0,-3.6794357561603265e-05,2.8915524424457693e-09,-0.014150783991605737,-0.25891622795263364,0.0,1.146079180985977e-06,-0.036584033844354415,4.107825191113079e-17,-5.6552868935950425e-05,0.0,-0.0009838128979730743,-0.00029025185860947567,0.0,0.0,-0.9826345854560262,-0.00037950501490694263,0.0,0.0,-0.01983174490069587,0.0,-0.008294089816509679,0.0,-5.6552868935950425e-05,-0.01643258828447993,0.016684480405497762,0.005283162312970779,0.0,0.0,0.0,0.0,0.0,0.0,1.2704705992371137e-06,0.0,0.0,0.0,0.0,-0.000525649640153428,0.0,-0.9863191177877509,2.717169535859975e-07,-4.81817172098159e-05,3.9784744049860945e-08,-0.00021210586156189515,0.9999896640737357,0.9999896640737357,0.9999235039530332,-0.23631993281610886,-4.81817172098159e-05,0.0,0.7193754504749019,-0.05881932380875241,-0.0012975874376479962,0.0,1.891459074810176e-05,-0.0008432693392128942,-9.881393175859323e-06,-0.9892792855198794,-0.0001571950271073641,0.0,0.0,0.0,0.0,0.0,-0.2804186966008263,6.908299097249851e-06,1.2556742520429442e-08,0.0,0.0,0.0,0.0,-0.00014280158511230796
SOX9↑ + PI3K-E↓,0.6678017215936388,-0.005124569846795682,-0.6881431999361406,1.7468624553660813e-07,6.788582715373002e-05,7.526300432679154e-10,-0.93319244522308,-1.836786807482463e-08,-1.836786807482463e-08,-2.5162860788352503e-08,-2.0685181889972799e-07,6.42539922563526e-07,-0.13514578809795919,-2.368547319650459e-08,0.0,-0.0006828421828875398,0.0,-0.0006696113352577094,-7.068233188986241e-10,-2.0973567660141345e-08,0.004504030524759114,-0.059072484887182766,0.38497304750005623,0.0,-6.182380100709046e-08,-0.9805699485013005,-0.9495627306955874,0.5846001026029559,-0.01216552483487605,5.5742542639435106e-09,-0.059072484887182766,-0.059072484887182766,0.0,-1.2343465324501369e-05,-1.249680396575581e-07,0.0,0.0,0.0,0.0,-0.00018174018153188998,-0.09491644388209868,0.033097834567471326,0.008026493097364801,0.0002132096638343142,0.004504030524759114,-2.535955397583314e-07,-1.435081910343962e-06,-7.634421948168891e-08,0.0,-8.036777061614685e-09,-3.932162968430519e-05,-9.496715178735403e-06,-6.152778974814304e-06,0.9999896640737357,-3.0071328976088996e-06,-0.021600110228000374,-0.021600110228000374,-0.059072484887182766,-0.039903922747300334,-0.05303321856336158,8.545744736754801e-10,-4.3865381277319317e-08,0.0,-1.2062223100883177e-05,-1.045935655037966e-05,0.0,0.0,-4.2326432338701815e-07,-4.2326432338701815e-07,-0.9994503687302273,-0.999391650132987,-0.9994503687302273,1.7040294020876606e-08,-9.972379206513172e-07,0.0,-0.0009652075374295722,2.1740084905755156e-08,-7.7764452285356e-08,-2.2936510412769896e-05,0.0,7.364540036629505e-07,-4.3865381277319317e-08,6.328271240363392e-17,-0.7402513389293703,0.0,-0.0001406739206045171,-6.182380100709046e-08,-0.9999897852104206,0.0,0.0,-0.7417509918329638,0.0,0.0,-8.013026820663516e-06,0.0,-6.653073440651136e-06,0.0,-0.7402513389293703,-0.010714337548020581,0.013473928123853746,0.008455166882234851,0.0,0.0,0.0,0.0,0.0,0.0,-0.01907353557796705,0.0,0.0,0.0,0.0,-6.635193532862853e-06,0.0,-0.9863191177877509,1.5480055919965583e-07,1.0202880249778624e-09,2.520380377900523e-08,0.004504030524759114,0.9999896640737357,0.9999896640737357,0.9999235039530332,-1.045935655037966e-05,1.0202880249778624e-09,0.0,0.7349167773030031,-0.01216552483487605,7.491099009674287e-09,0.0,1.2778726862984137e-05,-5.9030418529948394e-08,-2.028768768804364e-09,-0.9892792855198794,-0.007480733631369544,0.0,0.0,0.0,0.0,0.0,-0.2804188803051838,4.292888261782361e-06,5.3977639345989084e-09,0.0,0.0,0.0,0.0,-1.800225431009485e-06
SOX9↑ + FAK-E↓,0.6741805652006987,-0.013483381361588975,-0.688140233064853,3.141637747246303e-06,0.602990581075317,-0.2558309615739443,-0.9546800528232009,-0.0012017917680728987,-0.0012017917680728987,-0.0025638871897058248,-0.0006171063847112917,2.118750847998292e-05,-0.15197033221251227,7.703392011936362e-07,0.0,-0.0007489462313544603,0.0,-0.0007340602817681452,-3.833216298848463e-08,-1.1369167309681258e-06,0.7012332128887355,-0.06918461189585441,0.31886545935865107,0.0,-0.00029948177290429123,-0.9805699485013005,-0.9984401638452585,0.5917535985679787,-0.01325785637496792,-0.2030823460539098,-0.06918461189585441,-0.06918461189585441,0.0,-0.00020653944356870512,-0.07781813475968176,-0.9999999996093435,0.0,-0.9996970843171059,0.0,0.00032210189281074107,-0.13336512952361698,0.9754172535892316,0.07060680629103873,0.0009826472328163733,0.7012332128887355,-0.0006171366914926724,-0.006396691679770028,-0.00019672110680238043,0.0,-7.85153360546098e-05,-0.0248315150482409,-0.004600680906386008,-0.03175422373472245,0.9999896640737357,-5.271535054540588e-05,-0.22123280231711523,-0.22123280231711523,-0.06918461189585441,-0.04333677604587578,-0.0577622583297599,1.485757514996155e-08,-0.04767971421238241,9.885590863496693e-08,-0.722216026499301,-0.00020477114432900344,-0.999999988404814,0.0,-6.97912947155932e-06,-6.97912947155932e-06,-0.9994503687302273,-0.999391650132987,-0.9994503687302273,-2.126187560411541e-05,-0.9815544829560265,0.0,-0.7069746719878296,2.9367898813303416e-05,-0.014708878438905799,-2.5120101826612284e-05,0.0,5.1841936917050975e-05,-0.04767971421238241,-0.8457658532051978,-0.7402513389293703,0.0,-0.00047196180369762697,-0.00029948177290429123,-0.9999897852104206,0.0,0.0,-0.7417509918329638,0.0,0.0,-8.788050201831154e-06,-0.9999996558403942,-0.026215719547092262,0.0,-0.7402513389293703,-0.2689592477135315,0.03248000375567663,0.6606284229555639,5.382351260558175e-05,-0.9999825184300413,-0.9999996558403942,0.0,-0.9999897852104206,0.0,-0.019073524178432284,-0.9999897852104206,0.0,-0.9999996558403942,0.0,-0.01652346639216418,0.0,-0.9863191177877509,9.988501463605028e-05,-0.005131734292626113,3.5255848138128874e-06,0.7012332128887355,0.9999896640737357,0.9999896640737357,0.9999235039530332,-0.00020477114432900344,-0.005131734292626113,-0.14823678360410686,0.9649646504475607,-0.01325785637496792,-0.06031001633700359,0.0,0.7216043923486918,-0.0008789068584772386,-1.0277360685996427e-05,-0.9892792855198794,-0.9944149904527955,-0.9298973567517996,0.0,0.0,0.0,0.0,-0.2937006441612251,0.0008802338830182653,1.2765438716741169e-05,0.0,0.0,0.0,0.0,-0.004700273493406534
SOX9↑ + ROS↓,0.7715610959418986,-0.010172665010327485,-5.254000027779626e-06,2.91519744259442e-09,-0.008739291076622387,0.7281329994644365,-0.9334396029555506,0.7397785069575944,0.7397785069575944,-0.00035347444350739444,-0.7398528103844437,9.452624140354143e-05,-0.15743133912232207,0.7396915564314998,0.0,-0.0006609129955480763,0.0,-0.0006443194123541674,-0.7399999945480816,-0.7399998334810952,1.504791525444681e-07,-0.07187467420559913,0.3760349777982466,0.0,0.7396915221968321,-0.9805699485013005,-0.9495182349602028,0.7420067653307342,-0.013679407183188275,0.5779941023033863,-0.07187467420559913,-0.07187467420559913,0.0,-0.052001316418146676,-0.0006354528563641038,0.0,0.0,0.0,0.0,0.0013073933312167942,-0.011699870929258727,-1.7697689489932111e-06,-0.01702144395272856,0.0022508522971065696,1.504791525444681e-07,-0.7398528350478253,0.731177928132058,-0.7399506262054573,0.0,0.6857140615517572,0.00215301252083661,0.0005118821331062961,0.6892790367388604,0.9999896640737357,-0.015479617077420182,-0.02326964704577117,-0.02326964704577117,-0.07187467420559913,-0.0527060183063012,-0.051852059088914965,2.0075244560943725e-11,-0.010070032699627212,0.0,0.009951337881022926,-0.05204287346780621,0.0,0.0,-0.002187120224860498,-0.002187120224860498,-0.9994503687302273,-0.999391650132987,-0.9994503687302273,-0.7399950227391932,0.000677901057459559,0.0,0.024666704582991094,-7.103966571022104e-07,-0.05459642923672401,-2.1827694084788352e-05,0.0,7.003657583212972e-07,-0.010070032699627212,5.10702591327572e-17,-4.952778963914649e-05,0.0,-0.000159580554355232,0.7396915221968321,0.0,0.0,0.0,-0.0003299084879796243,0.0,0.0,-7.74274210776138e-06,0.0,-0.0001053169541404464,0.0,-4.952778963914649e-05,-0.010584661117015282,0.013270062226508228,0.004569976511358429,0.0,0.0,0.0,0.0,0.0,0.0,0.5804680228066048,0.0,0.0,0.0,0.0,-0.7357049910933479,0.0,-0.9863191177877509,-1.096364921486864e-07,0.7396366310581028,1.9410005734078256e-08,1.504791525444681e-07,0.9999896640737357,0.9999896640737357,0.9999235039530332,-0.05204287346780621,0.7396366310581028,0.0,0.7155861322378081,-0.013679407183188275,0.7296693209073553,0.0,-0.009859183239449296,-0.0020514123763295477,0.7399897010389848,-0.9892792855198794,-0.0008024155376688702,0.0,0.0,0.0,0.0,0.0,-0.2426215656547913,2.449171072865797e-06,-3.0814715956426267e-08,0.0,0.0,0.0,0.0,-0.6871502078276777
PPARγ↑ + RhoA-E↓,0.6673098323371264,-0.9981631567656677,-0.688064383392223,5.398123204502544e-07,0.007842112757123754,1.7589664869727483e-06,-0.9299559619943883,-4.833730894609079e-07,-4.833730894609079e-07,-3.27474228186464e-06,-0.0006167103735422183,1.1333484423890505e-05,-0.012336276634737022,1.7252099646526232e-06,0.0,-0.0007453259397028889,0.0,-0.0007302457799371431,-2.6177373821163357e-08,-7.762354359254612e-07,0.004528901342134925,-0.058214309527234664,-0.6110299780519406,0.0,5.539768927165072e-07,-2.2968963543212873e-06,-0.997797733464949,0.5843754200923238,-0.012072278660774698,1.3047802917959837e-05,-0.058214309527234664,-0.058214309527234664,0.0,-0.00020620274047959632,-2.3054758030705004e-06,0.0,0.0,0.0,0.0,-1.6159249340175737e-05,-0.9897605004182191,0.033210304634657954,0.008009512436603618,-4.296318785122593e-05,0.004528901342134925,-0.0006166808494472956,-2.5526331751632922e-05,-0.00019539051897522516,0.0,1.629527492872014e-06,-0.006517431441606286,-0.0014726283329223849,-0.000957038597155783,-7.063356410573816e-11,-5.2640297718774544e-05,-0.9994313054867908,-0.9994313054867908,-0.058214309527234664,-0.03993366088918411,-0.05753392253146109,2.5860141243131683e-09,-9.497666562208296e-05,9.885590863496693e-08,-0.7222156053415152,-0.00020455541792740894,0.0,0.0,-6.967634700089098e-06,-6.967634700089098e-06,-0.13349215625531094,-0.011399649399261897,-0.13349215625531094,-2.0949585092589913e-05,-0.9815544403878217,0.0,-0.15559677992907703,3.7166194249971563e-06,-0.00019421724553036367,-2.497251920859478e-05,0.0,2.2527554068739487e-05,-9.497666562208296e-05,2.4294975520243735e-05,-0.7394802678834619,0.0,-0.00013959265747719773,5.539768927165072e-07,0.0,0.0,0.0,-0.7363746393616255,0.0,0.0,-8.744641709963475e-06,-0.9999996558403942,-8.185355323550026e-06,0.0,-0.7394802678834619,-0.971742883783318,0.9997980065390784,0.6707788587761065,5.382351260558175e-05,0.0,0.0,0.0,0.0,0.0,-0.01907179018876728,-0.9999897852104206,0.0,-0.9999996558403942,0.0,-0.01652202365831016,0.0,-2.803529119096426e-06,7.331293533938448e-06,2.497994986770444e-06,8.249989265438486e-07,0.004528901342134925,-7.063356410573816e-11,-7.063356410573816e-11,-5.207626650887248e-10,-0.00020455541792740894,2.497994986770444e-06,-0.14823678360410686,0.7204966575056652,-0.012072278660774698,1.853324199387613e-05,0.0,0.0004960914194905454,-1.2629113287403459e-05,-4.557111228497029e-08,-0.10034360267852381,-0.14106610830935426,-0.9298973567517996,0.0,0.0,0.0,0.0,-0.053022385150792085,0.00014729621603915997,5.318042896613339e-07,0.0,0.0,0.0,0.0,-0.004699845741167129
PPARγ↑ + PIEZO1↓,0.6671646235370864,-0.9981631567656677,-0.6880643716657886,5.407016095333109e-07,0.008098992132697967,7.930428872673237e-08,-0.9315850854814437,-0.00010035189009847502,-0.00010035189009847502,-0.002147429787149011,-2.462831408026673e-05,0.000429695887085659,-0.01292687214764356,-9.003912410722129e-07,0.0,-0.3087648075953927,0.0,-0.2373485516657456,-3.388974553831396e-09,-9.893662161218328e-08,0.004317707819627457,-0.0630533324358686,8.216146635402352e-06,0.0,-0.0002939455197178449,-0.003058776932380937,-0.9476862618794917,0.5842980034874121,-0.05707099707282308,5.85560236871286e-07,-0.0630533324358686,-0.0630533324358686,0.0,-0.23385169655885124,-0.017931217991550688,0.0,0.0,0.0,0.0,0.000745350830012369,-0.9897605004182191,0.03222444149289799,0.003149000874378729,0.0004958273990241922,0.004317707819627457,-2.4695239388770894e-05,-0.006261707566724513,-7.881252882073722e-06,0.0,-8.001085747942685e-05,-0.006033165128431779,-0.0014061120556923179,-0.001184913459626334,0.00029605750262661255,-0.2347747095945329,-0.9994313054867908,-0.9994313054867908,-0.0630533324358686,-0.03989598599346181,-0.05301540953783158,1.4215732872336576e-07,-0.03658510371279065,0.0,-0.0026943717835775237,-0.23655064984396101,0.0,0.0,-0.25892432313964436,-0.25892432313964436,-0.015146917985198379,-0.004061347452656449,-0.015146917985198379,-8.389332388923467e-07,-5.737527628365102e-05,0.0,-0.15592575935578534,3.7256198429256073e-06,-0.01415284407384846,-0.2589516970601844,0.0,2.206377898450789e-05,-0.03658510371279065,1.5543122344752193e-17,-0.7394801608587237,0.0,-0.0009515455617793434,-0.0002939455197178449,0.0,0.0,-0.9826345854560262,-0.7363738335645087,0.0,0.0,-0.02006638417298377,0.0,-0.008472133954059137,0.0,-0.7394801608587237,-0.971742883783318,0.9997980065390784,0.670754491983731,0.0,0.0,0.0,0.0,0.0,0.0,-0.019071792600039245,0.0,0.0,0.0,0.0,-0.0007034011369621251,0.0,-0.002243275103191327,4.976435369002923e-06,-4.8156245453496034e-05,7.623067507492139e-07,0.004317707819627457,0.00029605750262661255,0.00029605750262661255,0.0020380716647435577,-0.23655064984396101,-4.8156245453496034e-05,0.0,0.7249798147140614,-0.05707099707282308,-0.001297398363903035,0.0,0.0005135243794149174,-0.000846709718363714,-1.0006256887815877e-05,-0.00045789902827104935,-0.007677419809099985,0.0,0.0,0.0,0.0,0.0,-0.0006147775301414636,0.00012991863728998584,2.1416019271492624e-07,0.0,0.0,0.0,0.0,-0.000191196287046593
PPARγ↑ + PI3K-E↓,0.6673015568460423,-0.9981631567656677,-0.6881428255156942,5.491168125526724e-07,0.008110267865497199,1.8359647877171707e-09,-0.9299531512169282,-5.580806996871323e-07,-5.580806996871323e-07,-7.570322213767966e-08,-2.356466477273868e-07,1.0644482262065079e-05,-0.012331026991683359,-7.458333268113806e-07,0.0,-0.0006828428447194923,0.0,-0.0006696124173096962,-2.4188693718361315e-09,-7.162284501336566e-08,0.004532301196109296,-0.05817495334696212,-1.0666826754680662e-07,0.0,-1.9174429128918248e-06,2.062574011585383e-10,-0.9472923368472906,0.5843552175209914,-0.01206719033435891,1.332240856654697e-08,-0.05817495334696212,-0.05817495334696212,0.0,-1.2352866032336874e-05,-1.250875047043021e-07,0.0,0.0,0.0,0.0,2.119198315839753e-09,-0.9897605004182191,0.033229889169475564,0.00805671203467397,4.2393717073139955e-10,0.004532301196109296,-3.077320976253771e-07,-4.386428667228175e-05,-7.491988426749027e-08,0.0,-2.727811332181017e-07,-0.006548543689511624,-0.0014791556457557872,-0.0009639383791458911,-8.10539328120647e-11,-3.0103679935300498e-06,-0.9994313054867908,-0.9994313054867908,-0.05817495334696212,-0.03989388120993693,-0.05303322142236256,2.629277413861298e-09,-4.4565124559525774e-08,0.0,-0.0026973423938547085,-1.0467880991368306e-05,0.0,0.0,-4.2377572284535423e-07,-4.2377572284535423e-07,-0.013645431454683044,-0.0017711076091991506,-0.013645431454683044,-9.2802720330059e-09,-5.750637481889753e-05,0.0,-0.1559413662897848,3.7260453598884388e-06,-8.462989823820877e-08,-2.2936575204255403e-05,0.0,2.2041346759849385e-05,-4.4565124559525774e-08,1.3322676295501878e-17,-0.7402513389293703,0.0,-0.0001395152301631697,-1.9174429128918248e-06,-0.9999897852104206,0.0,0.0,-0.7417509918329638,0.0,0.0,-8.013036053615696e-06,0.0,-6.653088248749217e-06,0.0,-0.7402513389293703,-0.971742883783318,0.9997980065390784,0.6707853987646611,0.0,0.0,0.0,0.0,0.0,0.0,-0.01907351945403052,0.0,0.0,0.0,0.0,-6.659880383057067e-06,0.0,-1.1042938297123329e-09,4.872993011377325e-06,1.2661161393514328e-09,7.595854783638183e-07,0.004532301196109296,-8.10539328120647e-11,-8.10539328120647e-11,-5.983074513359113e-10,-1.0467880991368306e-05,1.2661161393514328e-09,0.0,0.7205009156156658,-0.01206719033435891,1.0098127827961213e-08,0.0,0.0005142519517371017,-1.6674268743477326e-06,-6.172313845485225e-08,-6.215520187424772e-10,-0.007524262317960197,0.0,0.0,0.0,0.0,0.0,5.586554516080755e-08,0.0001291163495755844,2.003924546627534e-07,0.0,0.0,0.0,0.0,-1.803124191778417e-06
PPARγ↑ + FAK-E↓,0.6671012343088827,-0.9981631567656677,-0.688140198176938,3.1765266046608512e-06,0.6109976829889868,-0.25583096157394086,-0.949641094664765,-0.0012043133922490117,-0.0012043133922490117,-0.002563894310630983,-0.0006286417971173427,0.0004044888276010082,-0.019815174185730432,-1.2373938730290803e-07,0.0,-0.0007489469890826139,0.0,-0.000734061505332092,-5.050472884629877e-08,-1.4980085312991754e-06,0.7012561194641067,-0.06768118646523327,-0.6110022765528933,0.0,-0.0003046583644281847,-0.03163965960810821,-0.9982718438933418,0.5835416039343289,-0.013101172598505198,-0.20308234605388895,-0.06768118646523327,-0.06768118646523327,0.0,-0.00020654994229152957,-0.07781813852531806,-0.9999999996093435,0.0,-0.9996970843171059,0.0,0.0001479602302795532,-0.9897605004182191,0.9755283973537351,0.07060821119693618,-0.0005043397001443619,0.7012561194641067,-0.0006171445690868465,-0.006498534430574969,-0.0001967171075207021,0.0,-7.94968886675823e-05,-0.024871284378948325,-0.004606298648365204,-0.031776700635713404,2.7535616182846747e-05,-5.2718957826051186e-05,-0.9994313054867908,-0.9994313054867908,-0.06768118646523327,-0.04276552946153609,-0.05776226313636281,1.5037925209832184e-08,-0.04767972617858289,9.885590863496693e-08,-0.7222160296131038,-0.0002047806705008748,-0.999999988404814,0.0,-6.9796992724124874e-06,-6.9796992724124874e-06,-0.14973843159127692,-0.014390118406435413,-0.14973843159127692,-3.186470808653025e-05,-0.9815544832707492,0.0,-0.7111806048752082,2.97128959232879e-05,-0.014708897742648391,-2.5120174504906778e-05,0.0,7.891287211105082e-05,-0.04767972617858289,-0.8457658532051978,-0.7402513389293703,0.0,-0.0004699797325737842,-0.0003046583644281847,-0.9999897852104206,0.0,0.0,-0.7417509918329638,0.0,0.0,-8.788060720950064e-06,-0.9999996558403942,-0.026215720502058587,0.0,-0.7402513389293703,-0.971742883783318,0.9997980065390784,0.7636717897499068,5.382351260558175e-05,-0.9999825184300413,-0.9999996558403942,0.0,-0.9999897852104206,0.0,-0.019073525073319088,-0.9999897852104206,0.0,-0.9999996558403942,0.0,-0.01652349902679597,0.0,-0.16998096850345143,0.0001057780313508552,-0.005131734434520014,4.459420584541406e-06,0.7012561194641067,2.7535616182846747e-05,2.7535616182846747e-05,0.00020186623243492039,-0.0002047806705008748,-0.005131734434520014,-0.14823678360410686,0.9598518018400343,-0.013101172598505198,-0.060310017145722,0.0,0.7237356986978074,-0.0008835386480403129,-1.0451209260254431e-05,-0.1631472490428742,-0.9944178640174668,-0.9298973567517996,0.0,0.0,0.0,0.0,-0.29369878240453756,0.0010341272579746138,1.3022141204543521e-05,0.0,0.0,0.0,0.0,-0.004700278333520922
PPARγ↑ + ROS↓,0.7710809104983721,-0.9981631567656677,-0.688064180357728,4.6275843340564315e-07,-0.007477425853851825,0.7281329994644365,-0.9303113538717074,0.7397479557653601,0.7397479557653601,-0.0003545816724821549,-0.7398528103844437,0.00010601335326627985,-0.013902847756415183,0.7395992823391591,0.0,-0.05526542069597493,0.0,-0.06922033668006974,-0.7399999945480816,-0.7399998334810952,0.004424517845013973,-0.07100579346333472,-0.6106299449957217,0.0,0.7395981380994173,-0.05486056202208066,-0.9473256310666813,0.7418479345868454,-0.01367781925058865,0.5779941023033863,-0.07100579346333472,-0.07100579346333472,0.0,-0.0744550951885477,-0.0008692859363659744,0.0,0.0,0.0,0.0,0.0020065904156160593,-0.9897605004182191,0.03262205398436731,-0.006221730294383072,0.0014363991762269515,0.004424517845013973,-0.7398528350478253,0.7286305279293371,-0.7399505495216164,0.0,0.6850071702291006,-0.004239757221553281,-0.0009949689934422312,0.687703622414827,2.9587697135513565e-05,-0.021680658891022296,-0.9994313054867908,-0.9994313054867908,-0.07100579346333472,-0.052724750472219195,-0.7398956305626178,3.1725320272519465e-09,-0.01009852142810212,0.0,0.009852226464107258,-0.06919197272429868,0.0,0.0,-0.003144529536230757,-0.003144529536230757,-0.015487777476482117,-0.0039396519167844745,-0.015487777476482117,-0.7399950227391932,0.0006525232659782454,0.0,-0.13189877844712714,2.9439413393276917e-06,-0.05460447118967255,-0.0031449674455706856,0.0,2.210153990687976e-05,-0.01009852142810212,4.773959005888173e-17,-0.7394775126411504,0.0,-0.00016623837516424267,0.7395981380994173,0.0,0.0,0.0,-0.736356592215194,0.0,0.0,-0.0007071619261902918,0.0,-0.000672858706033681,0.0,-0.7394775126411504,-0.971742883783318,0.9997980065390784,0.6705495223787696,0.0,0.0,0.0,0.0,0.0,0.0,-0.019066473601229518,0.0,0.0,0.0,0.0,-0.7357049910933479,0.0,-0.0003814454286325797,4.283602987547578e-06,0.7396365993749116,7.66760410070955e-07,0.004424517845013973,2.9587697135513565e-05,2.9587697135513565e-05,0.00021897484127956742,-0.06919197272429868,0.7396365993749116,0.0,0.7211588733800095,-0.01367781925058865,0.7296684556667025,0.0,-0.00950592778759542,-0.0021424303161092307,0.7399865454481965,0.009673857901182678,-0.008973534127623327,0.0,0.0,0.0,0.0,0.0,0.6904362260423289,0.00012485684554324343,1.2041230511635456e-07,0.0,0.0,0.0,0.0,-0.6871502078276777
HIF-1α↑ + RhoA-E↓,0.6311846271848727,-2.3212066587841028e-06,-3.6448128816279166e-10,-1.0723169171453492e-14,-0.0001375644906562335,1.75392347050007e-06,-1.241235297428922e-06,0.0006962360676550572,0.0006962360676550572,-3.1946684865424847e-06,-0.0006153109824787683,6.62731553967104e-07,-1.1349628628865016e-06,0.7399998134618743,0.0,-2.2566254917677498e-06,0.0,-2.195376630754753e-06,-2.3748374494056612e-08,-7.042907836834106e-07,1.7995708855417486e-08,-2.1914745344420172e-06,-0.6110298749996776,0.0,0.7404226184083588,-4.622315735327564e-06,-0.15408950583913592,0.5785509139772647,-1.095896296945398e-06,1.3010657061217798e-05,-2.1914745344420172e-06,-2.1914745344420172e-06,0.0,-0.00019267434602066925,-2.165856808992173e-06,0.0,0.0,0.0,0.0,-1.616940645054904e-05,0.010095392586268641,-3.4812469582712724e-08,-5.1535789012910895e-05,-4.2964865793090735e-05,1.7995708855417486e-08,-0.000615207077750393,0.7510245471813306,-0.00030349146920586754,0.0,0.6882537633044059,1.1256249452313944e-05,2.7304127295095776e-06,4.589419590545744e-06,2.3004933258569645e-07,-4.930757317648582e-05,-0.01367946109412457,-0.01367946109412457,-2.1914745344420172e-06,-2.218488751071885e-06,-0.0001927141889208679,3.4034760673528137e-15,-9.476626571808255e-05,9.885590863496693e-08,-0.7222155962764273,-0.000192760451062558,0.0,0.0,-6.502778700281375e-06,-6.502778700281375e-06,-0.013649878117519703,-0.005013367782825223,-0.013649878117519703,-2.0897301265342334e-05,-0.981554439471571,0.0,1.557717813662123e-05,-9.16157898166179e-10,-0.00019378863283385007,-7.40687613187685e-08,0.0,2.1055672578973687e-07,-9.476626571808255e-05,2.4294975520243735e-05,-4.5499408101628074e-10,0.0,-2.321491161194622e-08,0.7404226184083588,0.0,0.0,0.0,-1.3393644810542198e-08,0.0,0.0,-2.6403475524849895e-08,-0.9999996558403942,-9.435819306102822e-07,0.0,-4.5499408101628074e-10,2.5153767785668356e-06,2.069998870739261e-08,9.94238170264213e-08,5.382351260558175e-05,0.0,0.0,0.0,0.0,0.0,4.842916962277659e-05,-0.9999897852104206,0.0,-0.9999996558403942,0.0,-0.016487118198160355,0.0,-3.4061971111865043e-06,1.106869975680383e-06,2.491991418146709e-06,2.8269646443923748e-08,1.7995708855417486e-08,2.3004933258569645e-07,2.3004933258569645e-07,1.7034268303783825e-06,-0.000192760451062558,2.491991418146709e-06,-0.14823678360410686,2.2242711728259706e-10,-1.095896296945398e-06,1.8488109072018503e-05,0.0,-1.930895601048728e-05,0.010422632165506993,0.0007767865606649546,-0.10034564142431915,-0.09620948156028554,-0.9298973567517996,0.0,0.0,0.0,0.0,-0.05302352999590495,8.155317072242718e-06,1.4927624258693726e-07,0.0,0.0,0.0,0.0,-0.004689447279823171
HIF-1α↑ + PIEZO1↓,0.6321871966441707,-0.0013043856537758801,3.6475014836594363e-07,-1.7499537415375672e-10,1.7419615424099557e-07,6.074782048736177e-08,-0.0008414773917494045,0.0002431179417773343,0.0002431179417773343,-0.00214731658634986,-1.8394618550139454e-05,0.0002761562804048646,-0.00011426429172661567,0.7399998382087135,0.0,-0.29227400521488484,0.0,-0.23631083016057175,-7.753551342106579e-10,-2.1483639404510143e-08,-0.00021277895619159875,-0.00021529201919198715,1.1044110786176424e-05,0.0,0.7404226184083588,-0.0031183881341360787,-0.00027854054065482915,0.5785867415545213,-0.004569403525158471,4.4807948604878355e-07,-0.00021529201919198715,-0.00021529201919198715,0.0,-0.2338375392660734,-0.017928555443263133,0.0,0.0,0.0,0.0,0.0007453132691594394,0.00997088220836828,-0.000994144389616713,-0.0049069700283252485,0.0004958214331461623,-0.00021277895619159875,-1.839141422044054e-05,0.7510245471813306,-2.898680597821444e-05,0.0,0.6882537100499617,0.0005208467719900857,7.385406447151983e-05,-0.00021922203230775538,0.00030273500261114095,-0.23471549518874654,-0.0001372872256051294,-0.0001372872256051294,-0.00021529201919198715,-2.849668212481991e-07,-5.645175672084059e-06,1.3706030003083834e-07,-0.036584029672630726,0.0,3.59738125994824e-08,-0.23631986999221208,0.0,0.0,-0.2589164716289791,-0.2589164716289791,-0.0004607428648165457,-0.0013349685021895564,-0.0004607428648165457,-6.262834405866337e-07,-4.399395330256795e-09,0.0,-3.3282923751497532e-06,1.9257533831041362e-10,-0.014150780672613017,-0.25891613581599904,0.0,8.457731111599284e-08,-0.036584029672630726,7.771561172376095e-17,3.56211092305346e-06,0.0,-0.00015499637644289632,0.7404226184083588,0.0,0.0,-0.9826345854560262,2.3450218910135025e-05,0.0,0.0,-0.01983156702140462,0.0,-0.00829404975498622,0.0,3.56211092305346e-06,-0.001122074986040511,0.00018108933583277153,-0.000305474035379842,0.0,0.0,0.0,0.0,0.0,0.0,1.4522938661160457e-06,0.0,0.0,0.0,0.0,-0.0005256488720883203,0.0,-0.002264136450895138,5.0955707061743645e-08,-4.8181712400237365e-05,3.522806982555897e-09,-0.00021277895619159875,0.00030273500261114095,0.00030273500261114095,0.0020810035685563267,-0.23631986999221208,-4.8181712400237365e-05,0.0,2.2657131558251026e-06,-0.004569403525158471,-0.0012975873101224937,0.0,7.114315308852742e-07,0.009906335448551604,0.00017997089728990118,-0.0004659248256158222,-0.0001563141593034556,0.0,0.0,0.0,0.0,0.0,-0.0006294683507337384,7.364674884393681e-07,5.102586579217692e-09,0.0,0.0,0.0,0.0,-0.00014280150547703552
HIF-1α↑ + PI3K-E↓,0.6311842758680037,-7.270314180019e-08,-0.6881432001262198,1.7449616072938973e-07,2.3956984645659172e-05,7.201086001758982e-10,-9.851792657666892e-08,0.00024474036087725285,0.00024474036087725285,-2.5134783442348762e-08,-2.067317777925591e-07,-1.7982846319724216e-07,-3.1535688638228977e-09,0.739999841668641,0.0,-0.0006828421602246926,0.0,-0.0006696112980220892,-7.065332959587826e-10,-2.0970763851576263e-08,0.004503753487432965,-2.1351221879406524e-09,1.4613135003426966e-07,0.0,0.7404226184083588,-1.2029165219962224e-06,-1.0712266473977827e-07,0.5785403561570364,-1.302921079704422e-07,5.343002801229022e-09,-2.1351221879406524e-09,-2.1351221879406524e-09,0.0,-1.234314031557493e-05,-1.249639081479792e-07,0.0,0.0,0.0,0.0,1.9363071099939443e-09,0.010096489708202674,0.03309726559392316,0.008026331148792434,1.9573269066333805e-10,0.004503753487432965,-2.5348969497660525e-07,0.7510245471813306,-2.0509271632587266e-05,0.0,0.6882537076097697,-3.8757003310256734e-05,-9.41681494386968e-06,-5.99622804144893e-06,1.2785434865658296e-07,-3.007020977329189e-06,-1.274244205706765e-09,-1.274244205706765e-09,-2.1351221879406524e-09,-1.2156232602326435e-09,-0.05303321848427092,8.532775975506003e-10,-4.38415417070015e-08,0.0,-8.570307066031682e-06,-1.0459061915412126e-05,0.0,0.0,-4.232466255438272e-07,-4.232466255438272e-07,-1.4173102024783724e-07,-2.086136835832697e-07,-1.4173102024783724e-07,1.7068844740266733e-08,-9.966764904167924e-08,0.0,-0.0009418173355591505,1.986042470045825e-08,-7.753552964007148e-08,-2.2936508176097935e-05,0.0,5.046085174861483e-10,-4.38415417070015e-08,5.2180482157382354e-17,-0.7402513389293703,0.0,-7.721704065821733e-08,0.7404226184083588,-0.9999897852104206,0.0,0.0,-0.7417509918329638,0.0,0.0,-8.013026503855825e-06,0.0,-6.653072934053039e-06,0.0,-0.7402513389293703,-3.7576072143719054e-07,8.706722686814772e-10,0.003849218353108973,0.0,0.0,0.0,0.0,0.0,0.0,-0.019073535574004024,0.0,0.0,0.0,0.0,-6.634411099774312e-06,0.0,-3.413656820727695e-07,1.6996235979804233e-09,1.0189217398202832e-09,6.288068219222522e-11,0.004503753487432965,1.2785434865658296e-07,1.2785434865658296e-07,9.451079236271265e-07,-1.0459061915412126e-05,1.0189217398202832e-09,0.0,8.454164738482438e-10,-1.302921079704422e-07,7.4538175609336e-09,0.0,1.0552632941234218e-07,0.010425311244355695,0.0001618108633591021,-2.0250549018996366e-07,-0.007480495291782367,0.0,0.0,0.0,0.0,0.0,-2.0116021762037196e-07,1.2820685061400624e-08,2.279998442349401e-10,0.0,0.0,0.0,0.0,-1.8001448330937829e-06
HIF-1α↑ + FAK-E↓,0.6314552307862397,-0.0014403458155995252,-0.6881402359018459,3.138800677003782e-06,0.6023378494962109,-0.2558309615739448,-0.017928726742960328,-0.0002438353417143337,-0.0002438353417143337,-0.0025638863503660513,-0.0006166371831983135,-2.193632589927864e-05,-0.0014301204443138017,0.7399965086180132,0.0,-0.0007489460785266166,0.0,-0.0007340600317325807,-3.783528060446316e-08,-1.1222095030209112e-06,0.701231966393714,-0.00044660883886317394,-0.6109964938717386,0.0,0.7404226184083588,-0.03169298202133907,-0.16333359846337506,0.5749412832555699,-0.0002055393913465009,-0.20308234605391312,-0.00044660883886317394,-0.00044660883886317394,0.0,-0.00020653727013883127,-0.07781813397879458,-0.9999999996093435,0.0,-0.9996970843171059,0.0,0.00014791638396950685,0.009837732253285185,0.9754069027556378,0.07060666035769328,-0.0005043209309351374,0.701231966393714,-0.0006171357690902243,0.7510245471813306,-0.0003057192233504339,0.0,0.6882586779679164,-0.024825010237279947,-0.004599749530023535,-0.03174972298631114,3.525476798190954e-05,-5.271460250139692e-05,-0.014980256767631674,-0.014980256767631674,-0.00044660883886317394,-0.00012970809843166893,-0.057762257688949645,1.4840980172026175e-08,-0.04767971175629681,9.885590863496693e-08,-0.7222160262455662,-0.00020476917358914994,-0.999999988404814,0.0,-6.979011215003661e-06,-6.979011215003661e-06,-0.014907532033681985,-0.006272637633062965,-0.014907532033681985,-2.083110088604956e-05,-0.9815544829303811,0.0,-0.7066312544200999,2.93398444945693e-05,-0.01470887443482715,-2.5120086848335886e-05,0.0,4.621833776024032e-05,-0.04767971175629681,-0.8457658532051978,-0.7402513389293703,0.0,-0.0003109915118616602,0.7404226184083588,-0.9999897852104206,0.0,0.0,-0.7417509918329638,0.0,0.0,-8.788048069063859e-06,-0.9999996558403942,-0.026215719350140977,0.0,-0.7402513389293703,-0.19201718244708083,0.0003453675258091325,0.6534779179280767,5.382351260558175e-05,-0.9999825184300413,-0.9999996558403942,0.0,-0.9999897852104206,0.0,-0.01907352411229034,-0.9999897852104206,0.0,-0.9999996558403942,0.0,-0.016523460794057594,0.0,-0.17009177184671675,9.872759044370739e-05,-0.0051317342608838135,3.33311350869938e-06,0.701231966393714,3.525476798190954e-05,3.525476798190954e-05,0.00025890750470818644,-0.00020476917358914994,-0.0051317342608838135,-0.14823678360410686,0.000420216920241231,-0.0002055393913465009,-0.060310016152358294,0.0,0.7214253278880469,0.009893592328266549,0.0007782386922518758,-0.1632550662495916,-0.9944147276428729,-0.9298973567517996,0.0,0.0,0.0,0.0,-0.2936987825692231,0.0008483313011525194,1.2723495724071706e-05,0.0,0.0,0.0,0.0,-0.004700272843272311
HIF-1α↑ + ROS↓,0.6312790707678873,-0.005080501336068784,-1.8938901122382768e-07,-5.492625031554086e-13,-0.008782683305459527,0.7281329994644365,-0.00013697345937578874,0.7400167512350972,0.7400167512350972,-0.0003534739910920293,-0.7398528103844437,9.370435593377918e-05,-0.0003313912240184502,0.739999847462681,0.0,-0.0006594628057645358,0.0,-0.0006419371882075431,-0.7399999945480816,-0.7399998334810952,-3.4804999248208025e-07,-0.0006712757162034699,-0.6106300076220795,0.0,0.7404226184083588,-0.05485085129897373,-1.8989646864812082e-05,0.7192564524349189,-0.0003231939154827934,0.5779941023033863,-0.0006712757162034699,-0.0006712757162034699,0.0,-0.05200037193670016,-0.000635445414908632,0.0,0.0,0.0,0.0,0.002006228657575543,0.009773431721804384,-3.3811477028377725e-06,-0.01702190422658552,0.0014361513532897504,-3.4804999248208025e-07,-0.7398528350478253,0.7510245471813306,-0.7399512267858275,0.0,0.6882536956352019,0.0021535638858477834,0.0005119589098308751,0.6892791913078521,2.850915096076917e-05,-0.015479415493374353,-0.00035541494761633487,-0.00035541494761633487,-0.0006712757162034699,-0.0006712666180717234,-0.051846997108235274,2.573174677635808e-14,-0.010070031749847788,0.0,0.009954784201575346,-0.05204234277072579,0.0,0.0,-0.002187088349180061,-0.002187088349180061,-0.00038724717155216084,-0.0013202805775970417,-0.00038724717155216084,-0.7399950227391932,0.0006787875839571134,0.0,0.024689519143840984,-7.122476549889672e-07,-0.05459642894654114,-2.1684638514434252e-05,0.0,-3.559588194420683e-08,-0.010070031749847788,5.440092820663267e-17,1.4875078855149972e-09,0.0,-4.880716134818552e-06,0.7404226184083588,0.0,0.0,0.0,4.4496189706561e-08,0.0,0.0,-7.722472996686269e-06,0.0,-0.00010530114782902888,0.0,1.4875078855149972e-09,-3.604633198361906e-07,-2.0590373051583967e-09,-3.292193986914316e-07,0.0,0.0,0.0,0.0,0.0,0.0,0.5804681680227264,0.0,0.0,0.0,0.0,-0.7357049910933479,0.0,-0.0003776949797473372,-2.627220971814862e-07,0.7396366310591591,-5.731160252142136e-09,-3.4804999248208025e-07,2.850915096076917e-05,2.850915096076917e-05,0.00021101266079243897,-0.05204234277072579,0.7396366310591591,0.0,6.253249151718135e-09,-0.0003231939154827934,0.7296693209362026,0.0,-0.009871701400611301,-0.0013437082390286837,0.7400144145314788,0.009675149960531685,-0.0008017399689384153,0.0,0.0,0.0,0.0,0.0,0.6904385468852259,-1.830669772747747e-06,-3.598304561178467e-08,0.0,0.0,0.0,0.0,-0.6871502078276777
NRF2↑ + RhoA-E↓,0.6221065512687054,-0.005190903984446615,-2.3774098058019366e-07,-2.2497681664861177e-13,-0.0087826857519789,0.7281329994644365,-0.00018246523944640103,0.7397785249103876,0.7397785249103876,-0.00035347399114889823,-0.7398528103844437,9.37164736628685e-05,-0.0003316760790432316,-2.0727325870463375e-05,0.0,-0.000659463485732531,0.0,-0.0006419378590754532,-0.7399999945480816,-0.7399998334810952,0.6883366446034687,-0.000671884160525078,-0.6110282488397282,0.0,0.7396915833565855,-0.054849220961194815,-0.1550500150118288,0.7182963822693622,-0.0003234760641382239,0.5779941023033863,-0.000671884160525078,-0.000671884160525078,0.0,-0.052000372118675385,-0.0006354454173406355,0.0,0.0,0.0,0.0,0.001927223526169754,0.009583164502612795,-3.380650645418585e-06,-0.01702190404425883,0.0012701953444146335,0.6883366446034687,-0.7398528350478253,0.7311793254020621,-0.7399506262560358,0.0,0.7399066988362928,0.0021534347868522835,0.0005119262585568448,0.6892791600741532,2.8346068943092818e-05,-0.01547941555654829,-0.015595921209714673,-0.015595921209714673,-0.000671884160525078,-0.7400197549888481,-0.05184704548803817,2.7758117647714338e-14,-0.010070031750131245,9.885590863496693e-08,-0.7222155897785781,-0.05204234295392538,0.0,0.0,-0.0021870883587106903,-0.0021870883587106903,-0.015475874457927094,-0.00919536525576048,-0.015475874457927094,-0.7399950227391932,-0.9815544388148062,0.0,0.024686335756745267,-7.121820219421189e-07,-0.05459642894662343,-2.1684661754692857e-05,0.0,0.7406064485711462,-0.010070031750131245,2.4294975520243735e-05,-1.802817341783609e-07,0.0,-4.8839321400584445e-06,0.7396915833565855,0.0,0.0,0.0,-5.340709321307105e-06,0.0,0.0,-7.722480994976077e-06,-0.9999996558403942,-0.00010530115457870747,0.0,-1.802817341783609e-07,-0.0002454689918491615,0.00043899619496502653,3.958041994009673e-05,5.382351260558175e-05,0.0,0.0,0.0,0.0,0.0,0.5804681405722347,-0.9999897852104206,0.0,-0.9999996558403942,0.0,-0.7357049910933479,0.0,-0.0003772592943970199,-2.627303091962747e-07,0.7396366310591591,0.7400205690573923,0.6883366446034687,2.8346068943092818e-05,2.8346068943092818e-05,0.0002098087555822704,-0.05204234295392538,0.7396366310591591,-0.14823678360410686,1.2963207953975519e-08,-0.0003234760641382239,0.729669320936193,0.0,-0.009871702115429233,-0.0020513592839055527,0.7399897031199392,-0.011700654563113732,-0.11334735946662428,-0.9298973567517996,0.0,0.0,0.0,0.0,0.5516868768596928,-1.8309101678883974e-06,-3.598326972092472e-08,0.0,0.0,0.0,0.0,-0.6871502078276777
NRF2↑ + PIEZO1↓,0.6200051033916637,-0.00649613828032389,1.2699979401173017e-07,-1.7514157038920566e-10,-0.008778244975955047,0.7281329994644365,-0.0010181972541148854,0.7396791741497144,0.7396791741497144,-0.0025020631643219104,-0.7398528103844437,0.00037020426059002174,-0.00044579679749897515,-2.0727325870463375e-05,0.0,-0.3083506371229951,0.0,-0.23731990315638607,-0.7399999945480816,-0.7399998334810952,0.6881258604526705,-0.0008871622873136253,-0.6106131597847433,0.0,0.7394014020605484,-0.05790892058499436,-0.00033939282102455004,0.7180155069630213,-0.0048927743821567905,0.5779941023033863,-0.0008871622873136253,-0.0008871622873136253,0.0,-0.2860924176054959,-0.01885792819133574,0.0,0.0,0.0,0.0,0.0027518754166305738,0.009404640254583745,-0.000997537274896091,-0.02193115810909054,0.001932291135978691,0.6881258604526705,-0.7398528350478253,0.7249928977423417,-0.7399504039917352,0.0,0.7398277677947418,0.0026783949973126697,0.0005868235213958252,0.6890605982844277,0.0003244811290955825,-0.25806592076495727,-0.000559429327041503,-0.000559429327041503,-0.0008871622873136253,-0.7400197549888481,-0.051846680972761815,1.370602926334024e-07,-0.04668834342673524,0.0,0.009954431524273822,-0.30963026457038517,0.0,0.0,-0.2623314096452387,-0.2623314096452387,-0.0008404148752511764,-0.0026442308765799514,-0.0008404148752511764,-0.7399950227391932,0.000678696866979388,0.0,0.024683438241767205,-7.11981027408265e-07,-0.06875182531739803,-0.2589504453633456,0.0,0.7406064485711462,-0.04668834342673524,4.662936703425657e-17,3.3817514781368275e-06,0.0,-0.00016193851556935978,0.7394014020605484,0.0,0.0,-0.9826345854560262,1.8108506620924903e-05,0.0,0.0,-0.020059674401508288,0.0,-0.008579002488118872,0.0,3.3817514781368275e-06,-0.0013808283635162056,0.0006201954228171071,-0.0002658844420681036,0.0,0.0,0.0,0.0,0.0,0.0,0.580468150990104,0.0,0.0,0.0,0.0,-0.7357049910933479,0.0,-0.002621775504625782,-2.470546595967097e-07,0.7395883332964945,0.7400205690573923,0.6881258604526705,0.0003244811290955825,0.0003244811290955825,0.00224842390375981,-0.30963026457038517,0.7395883332964945,0.0,2.2562962539047965e-06,-0.0048927743821567905,0.7283700397972238,0.0,-0.0098704198976118,-0.002894540822095172,0.73997979880857,0.00921738365225871,-0.000958145431169346,0.0,0.0,0.0,0.0,0.0,0.6898195137816188,-1.3926845994105208e-06,-3.545403319172946e-08,0.0,0.0,0.0,0.0,-0.6871502078276777
NRF2↑ + PI3K-E↓,0.6220061724211554,-0.005191651451160811,-0.6881432409919717,1.33629304666903e-07,-0.008782535367634956,0.7281329994644365,-0.00018378132408973567,0.7397758449641876,0.7397758449641876,-0.0003545350666769398,-0.7398528103844437,6.508565035859103e-05,-0.00033176207252011533,-2.0727325870463375e-05,0.0,-0.05528797513494414,0.0,-0.06925738992216107,-0.7399999945480816,-0.7399998334810952,0.6962558499167476,-0.0006720093600711064,-0.6106299438128814,0.0,0.73968348279597,-0.05486076440385704,-6.729079675667493e-05,0.7182857941766272,-0.00034297631482148593,0.5779941023033863,-0.0006720093600711064,-0.0006720093600711064,0.0,-0.07446978681641714,-0.0008694016778838221,0.0,0.0,0.0,0.0,0.0020065905188716027,0.00958166768387515,0.03261727054711121,-0.0062229146385105235,0.0014363992243823925,0.6962558499167476,-0.7398528350478253,0.7309555834630094,-0.7399506196087482,0.0,0.7399041148302459,0.0015188648995000543,0.0003525583508266129,0.6891251456974001,2.9608068575612984e-05,-0.021683794274082843,-0.0004222085694042188,-0.0004222085694042188,-0.0006720093600711064,-0.7400197549888481,-0.7399743458824944,9.164109825292594e-10,-0.01009853620084288,0.0,0.009954732691317388,-0.06920022690237794,0.0,0.0,-0.0031450253259989215,-0.0031450253259989215,-0.00038885085152161824,-0.0013283273256787665,-0.00038885085152161824,-0.7399950227391932,0.0006787869241819389,0.0,0.00897478473418769,-3.8435683126479497e-07,-0.05460447286377112,-0.0031471927916564345,0.0,0.7406064485711462,-0.01009853620084288,3.8857805861880476e-17,-0.7402513389293703,0.0,-1.1584200049896686e-05,0.73968348279597,-0.9999897852104206,0.0,0.0,-0.7417509918329638,0.0,0.0,-0.0007074771748304709,0.0,-0.0006731045410992609,0.0,-0.7402513389293703,-0.00028111784426136156,0.0004390763515117878,0.003842140759736869,0.0,0.0,0.0,0.0,0.0,0.0,-0.019073518066022043,0.0,0.0,0.0,0.0,-0.7357049910933479,0.0,-0.0003815003034172515,-2.600823905503223e-07,0.7396365993584808,0.7400205690573923,0.6962558499167476,2.9608068575612984e-05,2.9608068575612984e-05,0.00021912521291048224,-0.06920022690237794,0.7396365993584808,0.0,3.6122366394456445e-07,-0.00034297631482148593,0.729668455218015,0.0,-0.009871700098246467,-0.002059578140200705,0.7399894295183996,0.009673834551449009,-0.008970682455822334,0.0,0.0,0.0,0.0,0.0,0.6904361822085484,-1.8108489820999038e-06,-3.562845308881204e-08,0.0,0.0,0.0,0.0,-0.6871502078276777
NRF2↑ + FAK-E↓,0.6141759151283058,-0.010326596988296143,-0.6881425521213553,8.225185419830871e-07,-0.007068537769156321,-0.2558307322579816,-0.02782806763851042,0.7355753968113845,0.7355753968113845,-0.00877509853246155,-0.7398528103844437,-1.947928607062414e-05,-0.0028737308293041008,-2.0727325870463375e-05,0.0,-0.05528797513494414,0.0,-0.06925738992216107,-0.7399999945480816,-0.7399998334810952,0.7543074623785914,-0.0019027119572412833,-0.6109197157399201,0.0,0.7389705322400347,-0.17078133832461376,-0.17053785412480799,0.7020754265964166,-0.0008914291363825689,-0.20308064449057187,-0.0019027119572412833,-0.0019027119572412833,0.0,-0.07446978681641714,-0.10038752815459263,-0.9999999996093435,0.0,-0.9996970843171059,0.0,0.0025505836122985304,0.008753171263260107,0.9453756593084404,0.06883625895981796,-0.0005029478577735504,0.7543074623785914,-0.7398528350478253,0.7136809643182248,-0.7399500693311819,0.0,0.7396945712465893,-0.0006659585845881241,-0.00022669813071843955,0.5877582362741574,0.00013791533577871233,-0.021683794274082843,-0.01914263869163471,-0.01914263869163471,-0.0019027119572412833,-0.7400197549888481,-0.7399743458824944,5.63894769311555e-09,-0.15259146353065195,9.885590863496693e-08,-0.7222155904452849,-0.06920022690237794,-0.999999988404814,0.0,-0.0031450253259989215,-0.0031450253259989215,-0.018989096368711808,-0.012340136866139701,-0.018989096368711808,-0.7399950227391932,-0.9815544388821921,0.0,-0.2539502610552404,6.430779222634776e-06,-0.10993658820392709,-0.0031471927916564345,0.0,0.7406064485711462,-0.15259146353065195,-0.8457658532051978,-0.7402513389293703,0.0,-0.00043757938497190674,0.7389705322400347,-0.9999897852104206,0.0,0.0,-0.7417509918329638,0.0,0.0,-0.0007074771748304709,-0.9999996558403942,-0.035893602326519,0.0,-0.7402513389293703,-0.1944525254913559,0.0012763947990602756,0.639043456545445,5.382351260558175e-05,-0.9999825184300413,-0.9999996558403942,0.0,-0.9999897852104206,0.0,-0.01907339577911316,-0.9999897852104206,0.0,-0.9999996558403942,0.0,-0.7357049910933479,0.0,-0.23481346596839878,5.688910305276056e-06,0.7198925743284259,0.7400205690573923,0.7543074623785914,0.00013791533577871233,0.00013791533577871233,0.001012992102439675,-0.06920022690237794,0.7198925743284259,-0.14823678360410686,0.000652758176434496,-0.0008914291363825689,0.4976579351607163,0.0,-0.009395872494166064,-0.004911221897098837,0.7399652174424304,-0.21840898031988976,-0.9936214451976588,-0.9298973567517996,0.0,0.0,0.0,0.0,-0.2936960683037712,0.00016370195871184096,1.7065892325195504e-07,0.0,0.0,0.0,0.0,-0.6871502078276777
NRF2↑ + ROS↓,0.6221065510629419,-0.005190903984554664,-2.3774085472664462e-07,-2.1350033739682219e-13,-0.008782683056244437,0.7281329994644365,-0.00018246523948836746,0.7397785249051707,0.7397785249051707,-0.0003534739911505458,-0.7398528103844437,9.371647366291063e-05,-0.00033167607904338483,-2.0727325870463375e-05,0.0,-0.0006594634857382487,0.0,-0.0006419378590848946,-0.7399999945480816,-0.7399998334810952,0.6883366446108119,-0.0006718841605255977,-0.6106300170914803,0.0,0.7396915833403456,-0.054849220961159906,-6.626985134342456e-05,0.718296382247923,-0.0003234760641385437,0.5779941023033863,-0.0006718841605255977,-0.0006718841605255977,0.0,-0.05200037211867907,-0.0006354454173406376,0.0,0.0,0.0,0.0,0.0020062284301176057,0.009583164499778887,-3.380615743051441e-06,-0.017021904034287418,0.0014361513810979675,0.6883366446108119,-0.7398528350478253,0.7311793249713376,-0.7399506262560221,0.0,0.7399066988312445,0.0021534337645388443,0.0005119260039185678,0.6892791598254946,2.8346068939597608e-05,-0.01547941555654909,-0.000422131757627624,-0.000422131757627624,-0.0006718841605255977,-0.7400197549888481,-0.05184704548805805,2.7835955357781607e-14,-0.010070031750131245,0.0,0.009954784173740131,-0.05204234295392744,0.0,0.0,-0.002187088358710779,-0.002187088358710779,-0.00038737746177478047,-0.0013201700665149828,-0.00038737746177478047,-0.7399950227391932,0.0006787875793404352,0.0,0.024686309971963465,-7.121814039973478e-07,-0.05459642894662354,-2.168466175524353e-05,0.0,0.7406064485711462,-0.010070031750131245,6.328271240363392e-17,-1.8028192874311477e-07,0.0,-4.883932140060665e-06,0.7396915833403456,0.0,0.0,0.0,-5.340710603190949e-06,0.0,0.0,-7.722480995007163e-06,0.0,-0.00010530115457873856,0.0,-1.8028192874311477e-07,-0.00024801227991617323,0.00043899619539165135,3.958043670401202e-05,0.0,0.0,0.0,0.0,0.0,0.0,0.5804681405719598,0.0,0.0,0.0,0.0,-0.7357049910933479,0.0,-0.00037725929438779394,-2.6272078963790513e-07,0.7396366310591591,0.7400205690573923,0.6883366446108119,2.8346068939597608e-05,2.8346068939597608e-05,0.00020980875555647139,-0.05204234295392744,0.7396366310591591,0.0,1.2963208442565638e-08,-0.0003234760641385437,0.729669320936193,0.0,-0.009871701337056433,-0.002051359299393788,0.7399897031193902,0.009675336790195584,-0.0008017400624827653,0.0,0.0,0.0,0.0,0.0,0.6904388978069396,-1.8306441234393623e-06,-3.5982947899339176e-08,0.0,0.0,0.0,0.0,-0.6871502078276777
IκBα↑ + RhoA-E↓,0.006653970874691758,-0.02135986807336544,-4.969316218850027e-06,2.846426086316461e-09,-9.504417445271118e-05,1.7539508638940191e-06,-0.002094248658292057,5.7838872649951725e-08,5.7838872649951725e-08,-3.1951107844285786e-06,-0.0006153110948939266,1.4615803428108462e-06,-0.013841069970776632,2.4899270638457045e-06,0.0,-3.67072617368569e-06,0.0,-4.518304046093879e-06,-2.3748649392679786e-08,-7.042940517469752e-07,5.003694531649461e-07,-0.07045337106716493,-0.611020245417885,0.0,2.4536730383330006e-06,-0.002106043710070364,-0.17693954047213187,0.0007188534010309139,-0.013522854974949712,1.3010851849163005e-05,-0.07045337106716493,-0.07045337106716493,0.0,-0.0001935955639177145,-2.1731162930860303e-06,0.0,0.0,0.0,0.0,0.8848248011962297,-0.11549430025368077,1.5291216016613811e-06,-0.9266005797730565,0.19716174146170393,5.003694531649461e-07,-0.0006152071676753107,1.7268064440985013e-05,-0.05770520236187927,0.0,1.8979115805223791e-06,1.0712455264734028e-05,2.6534197838371745e-06,4.4387810708400635e-06,0.00015483357428478756,-4.950422742405647e-05,-0.18301632431786213,-0.18301632431786213,-0.07045337106716493,-0.05188935227720205,-0.00019765153068583848,0.9999999926369721,-9.47672119089149e-05,9.885590863496693e-08,-0.7222155962929645,-0.00019327817171538086,0.0,0.0,-6.5338747943455285e-06,-6.5338747943455285e-06,-0.15687204509277344,-0.012754238175643601,-0.15687204509277344,-2.0897334588717738e-05,-0.9815544394732426,0.0,-7.05212247356612e-06,9.017817777931365e-10,-0.9807488666061452,-2.1356287920770712e-07,0.0,9.181242281484315e-07,-9.47672119089149e-05,2.4294975520243735e-05,-4.840822699881781e-05,0.0,-0.0001565123049953465,2.4536730383330006e-06,0.0,0.0,0.0,-0.0003250488093755209,0.0,0.0,-4.616813065516645e-08,-0.9999996558403942,-9.589950852473272e-07,0.0,-4.840822699881781e-05,-0.010333912929858661,0.013126683784506418,0.004473080030288265,5.382351260558175e-05,0.0,0.0,0.0,0.0,0.0,4.8278887966015856e-05,-0.9999897852104206,0.0,-0.9999996558403942,0.0,-0.01648711885886367,0.0,-0.0004140447156916771,1.2541307647126154e-06,2.491991542101549e-06,5.244216758668046e-08,5.003694531649461e-07,0.00015483357428478756,0.00015483357428478756,0.0011007646732404737,-0.00019327817171538086,2.491991542101549e-06,-0.14823678360410686,9.588876077846737e-06,-0.013522854974949712,1.848811236754459e-05,0.0,-7.02483498260436e-06,-0.1747024351540582,1.4673201498703378e-08,-0.7946259791506805,-0.9946462457404759,-0.9298973567517996,0.0,0.0,0.0,0.0,-0.05453027002541565,1.2270761968893554e-05,1.5425542350166379e-07,0.0,0.0,0.0,0.0,-0.004689447348215328
IκBα↑ + PIEZO1↓,0.006962435084071662,-0.030756802175663546,-4.81593438427153e-06,2.804692254104752e-09,4.796682108978826e-05,6.077176312918499e-08,-0.005046839310708627,-9.93338041482476e-05,-9.93338041482476e-05,-0.002147317731495302,-1.839470632999635e-05,0.0002876380738197777,-0.014092580505069173,-2.1422063623067486e-07,0.0,-0.2922745264004141,0.0,-0.23631140378260507,-7.756068586932784e-10,-2.148634195508026e-08,-0.00021225050717479162,-0.07128737665556628,6.440736690019116e-05,0.0,-0.0002902060385462552,-0.012342636573023322,-0.004073415661942981,0.0006888859816964802,-0.052379263675309824,4.4824973739359107e-07,-0.07128737665556628,-0.07128737665556628,0.0,-0.23383759730916612,-0.017928569487524307,0.0,0.0,0.0,0.0,0.8931980906452037,-0.11654882383711974,-0.0009924936267839434,-0.926795526912416,0.22205604192916226,-0.00021225050717479162,-1.839149294428124e-05,-0.0061875391247773635,-0.053130256081369655,0.0,-7.932657646315304e-05,0.0005199941507476894,7.372985799440027e-05,-0.00021946227985511702,0.0013117041286702076,-0.2347155012356649,-0.023452074610955817,-0.023452074610955817,-0.07128737665556628,-0.051889087902797344,-1.0793539723415688e-05,0.9999999926369721,-0.03658403314306331,0.0,-3.7626131970861997e-06,-0.23631992270477806,0.0,0.0,-0.2589164787324398,-0.2589164787324398,-0.019123522643229886,-0.006412655186866862,-0.019123522643229886,-6.263003332067061e-07,-9.808586999326964e-07,0.0,-2.8753249857826876e-05,2.2372070937296577e-09,-0.9807488666061452,-0.25891621313169694,0.0,8.837289638866538e-07,-0.0365840331430633,4.5519144009631415e-17,-4.6906882958073173e-05,0.0,-0.0008506417250716114,-0.0002902060385462552,0.0,0.0,-0.9826345854560262,-0.0003149806021218609,0.0,0.0,-0.01983171628707854,0.0,-0.008294083371163077,0.0,-4.6906882958073173e-05,-0.0127465987378692,0.013661348304967506,0.004325621860248829,0.0,0.0,0.0,0.0,0.0,0.0,1.2974361696965132e-06,0.0,0.0,0.0,0.0,-0.0005256494518885585,0.0,-0.0053089691716856225,2.1718464596361902e-07,-4.818171653299211e-05,3.082278054470665e-08,-0.00021225050717479162,0.0013117041286702076,0.0013117041286702076,0.007474196683617601,-0.23631992270477806,-4.818171653299211e-05,0.0,2.7493856769957402e-05,-0.052379263675309824,-0.0012975874197305663,0.0,1.4496464900822322e-05,-0.17541238038418033,-9.879849806421137e-06,-0.11804326280033817,-0.10980760234152152,0.0,0.0,0.0,0.0,0.0,-0.0025314450669318943,5.383553150732981e-06,1.0715927965926098e-08,0.0,0.0,0.0,0.0,-0.00014280156584714048
IκBα↑ + PI3K-E↓,0.006652783402575167,-0.021308576589770045,-0.6881431999427309,1.7467965479295444e-07,6.63442034136612e-05,7.513769982992202e-10,-0.002093756233008678,-1.7659655078880284e-08,-1.7659655078880284e-08,-2.516187769030509e-08,-2.0685057003426498e-07,6.193681434588814e-07,-0.013840968461986626,-2.273551175462338e-08,0.0,-0.0006828421820142216,0.0,-0.0006696113338227516,-7.068193717647435e-10,-2.0973674202505274e-08,0.004504020239685919,-0.07045324140708821,8.865741522007526e-06,0.0,-5.940371098445763e-08,-0.002040668738031004,-0.002297294810038708,0.0007161709237634851,-0.013523511700754552,5.565344213824217e-09,-0.07045324140708821,-0.07045324140708821,0.0,-1.234345279914062e-05,-1.249678803760812e-07,0.0,0.0,0.0,0.0,0.8932197823787607,-0.11551192973688712,0.03309781458990093,-0.922097094738807,0.22200464178017892,0.004504020239685919,-2.535915631873062e-07,-1.3794943515955097e-06,-0.052988402825393334,0.0,-7.697242643993277e-09,-3.9302003366977606e-05,-9.4941262113967e-06,-6.147061770045198e-06,0.00015481184364150256,-3.0071285843502603e-06,-0.02282421444946053,-0.02282421444946053,-0.07045324140708821,-0.05188899802879209,-0.053033218560317626,0.9999999926369721,-4.3864462578868666e-08,0.0,-1.1940303785081906e-05,-1.0459345195604763e-05,0.0,0.0,-4.23263641351479e-07,-4.23263641351479e-07,-0.015778028737265987,-0.0022332928033793166,-0.015778028737265987,1.7037990933521874e-08,-9.657955348829628e-07,0.0,-0.0009644294985707078,2.1674912605454617e-08,-0.9807488666061452,-2.293651032652111e-05,0.0,7.080914042612219e-07,-4.3864462578868666e-08,6.772360450213455e-17,-0.7402513389293703,0.0,-0.00015658691368100275,-5.940371098445763e-08,-0.9999897852104206,0.0,0.0,-0.7417509918329638,0.0,0.0,-8.013026808453284e-06,0.0,-6.653073421137856e-06,0.0,-0.7402513389293703,-0.010340709475994112,0.013131245707776223,0.00834144353829692,0.0,0.0,0.0,0.0,0.0,0.0,-0.019073535577827844,0.0,0.0,0.0,0.0,-6.63516339346551e-06,0.0,-0.00041119137054829614,1.4890495653174346e-07,1.0202357828496277e-09,2.4234958040566348e-08,0.004504020239685919,0.00015481184364150256,0.00015481184364150256,0.0011006030841804984,-1.0459345195604763e-05,1.0202357828496277e-09,0.0,9.657477735528006e-06,-0.013523511700754552,7.489665311746394e-09,0.0,1.2334765525528733e-05,-0.17199626901955997,-1.9505301319031253e-09,-0.11470163297497907,-0.16420703916599294,0.0,0.0,0.0,0.0,0.0,-0.0003280310928123156,4.128012103845754e-06,5.198941518687508e-09,0.0,0.0,0.0,0.0,-1.8002223288478605e-06
IκBα↑ + FAK-E↓,0.006981837699703991,-0.0402299471616403,-0.688140232923026,3.1417795770053347e-06,0.6030263013993702,-0.2558309615739445,-0.03291815720122721,-0.001201733727986323,-0.001201733727986323,-0.0025638871612532997,-0.0006172070424457319,1.7949047304485175e-05,-0.02184746988202209,7.913718017842205e-07,0.0,-0.00074894621459901,0.0,-0.000734060253988632,-3.84385328231216e-08,-1.1400784657270779e-06,0.7012334569881642,-0.07951805211069769,-0.6109007437269728,0.0,-0.00029936277164696834,-0.03651342740665207,-0.22564195906752013,-0.0014510812617629558,-0.014482976763634702,-0.2030823460539101,-0.07951805211069769,-0.07951805211069769,0.0,-0.00020653919897938966,-0.07781813467165774,-0.9999999996093435,0.0,-0.9996970843171059,0.0,0.7292116239947751,-0.16362890183931555,0.9754174769006013,-0.0014288963975128532,-0.0004728974543083506,0.7012334569881642,-0.0006171366631862996,-0.006394346644813615,-0.05771609215407799,0.0,-7.849264266442831e-05,-0.024830979115710576,-0.004600602503866996,-0.03175373421448419,0.00016488780135453463,-5.271526622421363e-05,-0.2438394380869351,-0.2438394380869351,-0.07951805211069769,-0.05647923145049974,-0.05776225829652724,0.9999999926369721,-0.0476797139383044,9.885590863496693e-08,-0.7222160265135531,-0.00020477092269837626,-0.999999988404814,0.0,-6.979116130948482e-06,-6.979116130948482e-06,-0.17224363376587196,-0.015815744485650134,-0.17224363376587196,-2.1354475145967445e-05,-0.9815544829574675,0.0,-0.7069918899356709,2.9369301296511777e-05,-0.9807488666061452,-2.5120100148410262e-05,0.0,5.120667632727015e-05,-0.0476797139383044,-0.8457658532051978,-0.7402513389293703,0.0,-0.0004870146889248539,-0.00029936277164696834,-0.9999897852104206,0.0,0.0,-0.7417509918329638,0.0,0.0,-8.788049966579337e-06,-0.9999996558403942,-0.02621571952500982,0.0,-0.7402513389293703,-0.2721980533496762,0.03398850112045911,0.661991050486871,5.382351260558175e-05,-0.9999825184300413,-0.9999996558403942,0.0,-0.9999897852104206,0.0,-0.019073524184035816,-0.9999897852104206,0.0,-0.9999996558403942,0.0,-0.016523465889261117,0.0,-0.17224775851031093,9.97641304561871e-05,-0.005131734288800878,3.5040178886404013e-06,0.7012334569881642,0.00016488780135453463,0.00016488780135453463,0.0011694798994925102,-0.00020477092269837626,-0.005131734288800878,-0.14823678360410686,0.0008320079141421615,-0.014482976763634702,-0.06031001631438402,0.0,0.7216152333886451,-0.17817051457284788,-1.0273364204230779e-05,-0.9892790255473723,-0.9946463173746141,-0.9298973567517996,0.0,0.0,0.0,0.0,-0.29369878948119227,0.0008767010246733142,1.2762032171843559e-05,0.0,0.0,0.0,0.0,-0.004700273458862628
IκBα↑ + ROS↓,0.62999326021809,-0.03817805095488511,-5.127712815292139e-06,2.8390484141023747e-09,-0.00874096387367551,0.7281329994644365,-0.0025363927716172373,0.739778507670383,0.739778507670383,-0.00035347443173283313,-0.7398528103844437,9.450305638467968e-05,-0.013901708952042116,0.7396915573815683,0.0,-0.0006608768325622816,0.0,-0.0006442600062192893,-0.7399999945480816,-0.7399998334810952,1.3429650206475638e-07,-0.07057130964564429,-0.6105957134839751,0.0,0.739691524617458,-0.06013946699450048,-0.002631873045107537,0.7191219011686999,-0.013536550088303305,0.5779941023033863,-0.07057130964564429,-0.07057130964564429,0.0,-0.052001292864917975,-0.0006354526707959007,0.0,0.0,0.0,0.0,0.9848888606416881,-0.01118408668091627,-1.817600929485872e-06,-0.9266009215693694,0.8379076600525415,1.3429650206475638e-07,-0.7398528350478253,0.7311779837318629,-0.7399512267858275,0.0,0.685714061891374,0.002153033772243417,0.0005118850922771021,0.6892790426963693,0.0006254706607916418,-0.015479612050493911,-0.022726579493648664,-0.022726579493648664,-0.07057130964564429,-0.05200701839144002,-0.05185193286473372,0.9999999926369721,-0.010070032675942362,0.0,0.009951470672389395,-0.05204286023380412,0.0,0.0,-0.0021871194299710505,-0.0021871194299710505,-0.01713831171127587,-0.004859775525608887,-0.01713831171127587,-0.7399950227391932,0.0006779352174248399,0.0,0.024667584343485913,-7.104680401283392e-07,-0.9807488666061452,-2.1824126568845692e-05,0.0,6.719998551860339e-07,-0.010070032675942362,5.329070518200751e-17,-4.829127476713684e-05,0.0,-0.00015789936713451303,0.739691524617458,0.0,0.0,0.0,-0.000321581392157195,0.0,0.0,-7.742236659140645e-06,0.0,-0.00010531655998140099,0.0,-4.829127476713684e-05,-0.010180104036304663,0.012885418197148923,0.004447894272840675,0.0,0.0,0.0,0.0,0.0,0.0,0.5804680264286846,0.0,0.0,0.0,0.0,-0.7357049910933479,0.0,-0.0019632111412599116,-1.1553451195679003e-07,0.7396366310581289,1.8441006737480506e-08,1.3429650206475638e-07,0.0006254706607916418,0.0006254706607916418,0.00445505486604996,-0.05204286023380412,0.7396366310581289,0.0,9.670918703102485e-06,-0.013536550088303305,0.7296693209080751,0.0,-0.009859665376167668,-0.14908030321148738,0.7399897011213308,-0.007509886682642457,-0.11179121554070214,0.0,0.0,0.0,0.0,0.0,0.689173435513119,2.2842712985948752e-06,-3.101383887458043e-08,0.0,0.0,0.0,0.0,-0.6871502078276777
