perturbation,ACAN,ADAMTS4/5,AKT1-E,AKT1-M,AMPK,ANXA1,AP-1,AQP1,AQP5,BAD,BAX,Bcl2,BMP2,BNIP3,Ca2+os,Ca2+su,CaMKII,CaN,CASP3,CASP9,CAT,CCL2,CCN2,CDC42,CITED2,COL10A1,COL1A1,COL2A1,COX-2,CREB,CXCL1,CXCL3,DAG,DRP1,ELK1,ERK-E,ERK-M,FAK-E,FAK-M,FGF18,FGF2,FOXO,GADD45,GDF5,GPX1,GSK3B,HIF-1α,HIF-2α,HL,HO-1,HSF1,HSP27,HSP70,IGF1,IKK,IL1β,IL6,IL8,iNOS,IP3,IκBα,JNK,LATS1/2,LIMK1,MAP3K,MEK-E,MEK-M,MKK3/6,MKK4/7,MMP1,MMP13,MMP3,MOMP,MRTF-A,MST1/2,mTORC1,mTORC2,NF-κB,NFAT,NL,NRF2,P38,PAK1,PDK1-E,PDK1-M,PGE2,PHD2,PI3K-E,PI3K-M,PIEZO1,PIP3-E,PIP3-M,PKC-M,PKC-E,PKN1,PLA2,PLCγ-M,PLCγ-E,PLD2,PPARγ,PTEN,RAC1-M,RAC1-E,RAF-E,RAF-M,RAS-E,RAS-M,Rheb,RhoA-E,RhoA-M,ROCK-E,ROCK-M,ROS,RSK,RUNX2,SIRT1,SMIT1,SOD1,SOD2,SOX5,SOX6,SOX9,TAK1,TAUT,TGFβ,TIMP3,TNF,TonEBP,TRPV4,ULK1,VEGF,VHL,Wnt3a,Wnt5a,YAP/TAZ,α5β1-FN,α5β1-Fs,αVβ3,αVβ6,β-catenin,NAD+,LKB1,SDC4-M,SDC4-E,Hypo,NutD,MitD
RhoA-E↓,0.01651715343795465,-0.0001432723068859476,-0.018595721793339653,8.262425202549598e-08,0.016613467904207205,0.01968109199665943,-6.454401018047839e-06,0.019986535706454436,0.019986535706454436,-1.2917419710353207e-05,-0.02063626659101406,2.4491343163315227e-06,-1.0144811895255178e-05,4.151385681632381e-06,0.0,-0.0014958533952908958,0.0,-0.0018728500826552651,-0.020000024537705746,-0.020000728148403642,0.018858148089229698,-2.044528125417333e-05,-0.6522888314543759,0.0,0.019970048210426625,-0.0014850576995515717,-0.1540722464680726,0.019385936807398946,-1.0410631501904799e-05,0.01563497696256361,-2.044528125417333e-05,-2.044528125417333e-05,0.0,-0.0022126530008367085,-2.5746674361191157e-05,0.0,0.0,0.0,0.0,4.061008521513252e-05,0.00024907137783950926,0.0011305800810431912,-0.0001487463840488401,8.444736770082003e-07,0.018858148089229698,-0.02063615913884357,0.019170932454441913,-0.020201517650177355,0.0,0.019991359938299195,-0.000645279859957218,-0.00012005404413699086,0.018448807799454486,7.950974722354356e-07,-0.0006372377323602274,-0.013629484728462234,-0.013629484728462234,-2.044528125417333e-05,-0.020000703198768364,-0.020197165928209353,5.66389451650961e-10,-0.0003715385455350939,9.885590863496694e-08,-0.7808791819068933,-0.0020705426223091637,0.0,0.0,-9.174854391574727e-05,-9.174854391574727e-05,-0.013601299180618415,-0.0049398254359046675,-0.013601299180618415,-0.02002160851016296,-0.9856179536436893,0.0,-0.019268880518555753,7.968026666383049e-07,-0.0016774187596285295,-8.506092420678568e-05,0.0,0.019953368805154387,-0.0003715385455350939,2.4294975520239293e-05,-0.01998064308793579,0.0,-3.371548563624316e-07,0.019970048210426625,0.0,0.0,0.0,-0.019864621242987702,0.0,0.0,-1.9137795619160737e-05,-0.9999996558403942,-1.91654919595019e-05,0.0,-0.01998064308793579,-7.156323521574359e-06,1.553982589385736e-05,0.017388386354766097,5.382351260558175e-05,0.0,0.0,0.0,0.0,0.0,-0.0004724713158971396,-0.9999897852104206,0.0,-0.9999996558403942,0.0,-0.037039337601755803,0.0,-1.3207960397041419e-05,0.01999312655034506,0.019992771239037387,0.019998420184868738,0.018858148089229698,7.950974722354356e-07,7.950974722354356e-07,5.8845054817945085e-06,-0.0020705426223091637,0.019992771239037387,-0.14823678360410686,1.3288844671054675e-08,-1.0410631501904799e-05,0.019740002916067926,0.0,0.019750159919704375,-8.919102111731969e-05,0.019998906786191983,-0.10328326409699862,-0.09352056650711277,-0.9298973567517996,0.0,0.0,0.0,0.0,-0.030886194442754943,0.019799768038590834,0.019999778858734763,0.0,0.0,0.0,0.0,-0.023451174024729644
PIEZO1↓,0.005994921013743318,-0.001475216706507031,-0.009297468028213072,4.1123663928944355e-08,0.008310467204390692,0.009839693743465853,-0.0009021800918965894,0.009886295319508685,0.009886295319508685,-0.0023172805542129517,-0.010015906841796549,0.00029827651112784696,-0.0001273330105225945,5.560421346162968e-07,0.0,-0.31012456319113224,0.0,-0.25535818620146933,-0.010000000676897845,-0.0100000186243452,0.009199927564596918,-0.00024082647083963792,-0.008239861366855606,0.0,0.009671327083456263,-0.004035651901519419,-0.000299671148079218,0.009389037739604566,-0.004925254076058918,0.007811163594176258,-0.00024082647083963792,-0.00024082647083963792,0.0,-0.25282975692567256,-0.01931866488215657,0.0,0.0,0.0,0.0,0.0008297350502181432,-6.505600818662027e-05,-0.0005053140314536111,-0.005331825369696872,0.0005533712768936559,0.009199927564596918,-0.010015904044205213,0.002915161506945592,-0.010004975763203526,0.0,0.009909290042877961,0.00023233277624685398,1.8064309377359257e-05,0.00898590080620872,0.0003192602588055886,-0.2530462625471983,-0.0001537654031696789,-0.0001537654031696789,-0.00024082647083963792,-0.009999510541356331,-0.010003777113883222,1.4788659040549193e-07,-0.03953432901804657,0.0,-0.009777691790936193,-0.2553660024301051,0.0,0.0,-0.27887334009116005,-0.27887334009116005,-0.0004930347617847853,-0.0014451913307376352,-0.0004930347617847853,-0.010000541885861849,-0.0006773749413293495,0.0,-0.009640956024855759,3.986719259133332e-07,-0.01597656516176363,-0.2788730349830166,0.0,0.009976763618801399,-0.03953432901804657,-7.771561172376097e-18,-0.00998648502608276,0.0,-0.00016644890075370288,0.009671327083456263,0.0,0.0,-0.9826345854560262,-0.009907053497943758,0.0,0.0,-0.02129820438706198,0.0,-0.008886435994320284,0.0,-0.00998648502608276,-0.0012099687599287535,0.00020270221150826752,0.008365184678930574,0.0,0.0,0.0,0.0,0.0,0.0,-0.0002596274745622399,0.0,0.0,0.0,0.0,-0.0104533897118445,0.0,-0.0024210380509072636,0.00999656199785272,0.009943193411102696,0.009999212337028883,0.009199927564596918,0.0003192602588055886,0.0003192602588055886,0.0021979916245671513,-0.2553660024301051,0.009943193411102696,0.0,2.422386899675494e-06,-0.004925254076058918,0.008462924002375239,0.0,0.009875898092136121,-0.000946830197896793,0.009988810796789349,-0.0003623904523895183,-0.00033720127372309115,0.0,0.0,0.0,0.0,0.0,0.008666525989651935,0.009900254179264495,0.009999887388123492,0.0,0.0,0.0,0.0,-0.00942475441652627
PI3K-E↓,1.4819242821251896e-09,-3.252329905389928e-10,-0.7253348448918063,1.384734968989078e-07,-0.00825210709334353,7.422053373220896e-10,-2.490230099905233e-10,1.766579489221281e-12,1.766579489221281e-12,-2.030401519359515e-08,-2.1785623466994469e-07,-1.89219372185532e-07,-4.79467583414106e-10,1.8704610731352906e-09,0.0,-0.0007182285083102768,0.0,-0.0007033027511225798,-5.521307264799382e-10,-1.638791154256117e-08,0.004722600204732172,-9.200220696392591e-10,-9.146206717660266e-08,0.0,1.8458507043404408e-09,-3.176791085746089e-09,4.3749269743798e-06,1.51075729606579e-09,-1.357657643386023e-07,5.506960816050197e-09,-9.200220696392591e-10,-9.200220696392591e-10,0.0,-1.201759057372187e-05,-1.2389779764254704e-07,0.0,0.0,0.0,0.0,1.8896368278753058e-09,-3.8714517702764795e-10,0.034755519018964884,0.008431924966625008,2.1343726801395204e-10,0.004722600204732172,-2.612758062779907e-07,1.3290928366294086e-08,-8.05060936792984e-08,0.0,-3.1771378271249635e-09,0.0003054024518910213,5.3904329490445925e-05,3.743969139027263e-05,2.453285840901533e-10,-2.957698798070618e-06,1.2824209139061794e-10,1.2824209139061794e-10,-9.200220696392591e-10,5.197327910891742e-09,-0.05589455967248477,6.787969081771831e-10,-4.520499869098415e-08,0.0,0.00976595377484791,-1.0466658859122902e-05,0.0,0.0,-4.126235167833947e-07,-4.126235167833947e-07,-7.785258870907086e-10,8.254598747026165e-07,-7.785258870907086e-10,1.7993192855627016e-08,0.0006765916866077104,0.0,0.008628862953180057,-3.770586460868373e-07,-8.137806962182914e-08,-2.402594823802451e-05,0.0,-4.5207329468490646e-08,-4.520499869098415e-08,-2.220446049250313e-18,-0.7802126250344922,0.0,-8.118333455708892e-08,1.8458507043404408e-09,-0.9999897852104206,0.0,0.0,-0.7814802322700719,0.0,0.0,-8.424861210947209e-06,0.0,-6.996086953453551e-06,0.0,-0.7802126250344922,-3.9203684711330845e-07,-4.4567763242442606e-09,0.004036835323159907,0.0,0.0,0.0,0.0,0.0,0.0,-0.020117713892575228,0.0,0.0,0.0,0.0,-6.991589424695608e-06,0.0,-1.993707928749089e-09,-2.413062780628335e-07,1.0512033529463314e-09,-6.096950593236744e-09,0.004722600204732172,2.453285840901533e-10,2.453285840901533e-10,1.8109570586891293e-09,-1.0466658859122902e-05,1.0512033529463314e-09,0.0,6.272242707740182e-10,-1.357657643386023e-07,7.709656632538232e-09,0.0,-0.009870567003604428,-4.402154629712385e-09,5.57673901770074e-13,-1.3085227756892691e-09,-0.007839238771544823,0.0,0.0,0.0,0.0,0.0,4.645752345315557e-08,-1.7875079353284158e-06,-3.252762179195494e-08,0.0,0.0,0.0,0.0,-1.8970597371052641e-06
FAK-E↓,0.014448251605671697,-0.001122370323571007,-0.7904168119420758,3.5928252452329795e-06,0.684143785477343,-0.14759501827005492,-0.016718635534497584,0.019201029770213148,0.019201029770213148,-0.0018611624131334614,-0.020687639752220904,-1.2658873673943284e-05,-0.00130264522435515,3.174900550692734e-06,0.0,-0.0023301092451928963,0.0,-0.0026882681012289876,-0.020000042251103585,-0.02000125390874343,0.7984601702029298,-0.0003689234917162354,-0.701781394435403,0.0,0.01977331517962857,-0.0228808901585397,-0.16235227420722065,0.01639768303150215,-0.00017288397602533423,-0.11716461894389284,-0.0003689234917162354,-0.0003689234917162354,0.0,-0.002241575163155096,-0.07520245685422401,-0.9999999996093435,0.0,-0.9996970843171059,0.0,0.00015401728048643933,-0.00030674908686112223,0.9819997516092153,0.07024440463924125,-0.0002909893888943193,0.7984601702029298,-0.02068819963841289,0.014990071936844407,-0.02021940050756263,0.0,0.019939769571245495,-0.028429690370510897,-0.005258912205043768,-0.0037738444579701823,1.880635844912045e-05,-0.0006445750388349625,-0.01452033044916722,-0.01452033044916722,-0.0003689234917162354,-0.020143141855769237,-0.08477206512450552,1.714127984348445e-08,-0.03642141101048409,9.885590863496694e-08,-0.8199956139064192,-0.0020983722342205846,-0.999999988404814,0.0,-9.27337299644182e-05,-9.27337299644182e-05,-0.014444534037327865,-0.005731432894295947,-0.014444534037327865,-0.0200232279732921,-0.9883287859934362,0.0,-0.80295891730465,3.3320646894946545e-05,-0.011244089742368759,-0.00011282064368291156,0.0,0.019991681619795122,-0.03642141101048409,-0.8457658532051978,-0.8501448752853493,0.0,-0.000297314556694005,0.01977331517962857,-0.9999897852104206,0.0,0.0,-0.8510063901805894,0.0,0.0,-2.8919242319276338e-05,-0.9999996558403942,-0.0251386990692908,0.0,-0.8501448752853493,-0.19168374664626672,0.0002766907240478434,0.7361561236654901,5.382351260558175e-05,-0.9999825184300413,-0.9999996558403942,0.0,-0.9999897852104206,0.0,-0.02169842788287344,-0.9999897852104206,0.0,-0.9999996558403942,0.0,-0.03841687178014627,0.0,-0.162158101873664,0.02010078337962012,0.016635612415177112,0.020001690530914242,0.7984601702029298,1.880635844912045e-05,1.880635844912045e-05,0.0001379264471734282,-0.0020983722342205846,0.016635612415177112,-0.14823678360410686,0.00038993335520330136,-0.00017288397602533423,-0.0197067797844182,0.0,0.820023718119258,-0.0006588327870819011,0.019992196701472363,-0.15499356429517916,-0.9962801193933912,-0.9298973567517996,0.0,0.0,0.0,0.0,-0.19106666052595433,0.02067164046368917,0.0200139136079871,0.0,0.0,0.0,0.0,-0.0238435425502959
ROS↓,0.6387090082646726,-0.005217805395671338,-8.563504966414202e-08,-3.3134283568344085e-13,-0.0005186033170164639,0.7478122669543591,-0.000140547034916374,0.7597725297530205,0.7597725297530205,-0.00036302726838081224,-0.7598488233711055,9.62368916079647e-05,-0.0003403439795883312,0.7596832445688684,0.0,-0.0006772841741653224,0.0,-0.0006592836374741395,-0.7599999943787921,-0.759999828817848,-2.6849731456662587e-07,-0.0006894163259102171,-0.6271335310169216,0.0,0.7596832482389385,-0.05633163217711067,-2.385886796232861e-05,0.7376876107021688,-0.0003319279649779883,0.5936155448604037,-0.0006894163259102171,-0.0006894163259102171,0.0,-0.05340575975727474,-0.0006526192640177264,0.0,0.0,0.0,0.0,0.0020604499511099727,0.009907635481997705,-2.646078127203431e-06,-0.017481730570290715,0.0014749656836351372,-2.6849731456662587e-07,-0.7598488486995763,0.7509409612374998,-0.75994929162888,0.0,0.7042468870232316,0.0018555805368998246,0.00046010063747622785,0.7078633259437591,2.9112169741465212e-05,-0.015897768557169706,-0.00036502023522501424,-0.00036502023522501424,-0.0006894163259102171,-0.0006894144942554316,-0.05324826051201757,2.4639817025668762e-14,-0.010342192750711056,0.0,0.00018452732861322228,-0.05344886752558895,0.0,0.0,-0.0022461973400942714,-0.0022461973400942714,-0.00039752527493203794,-0.0013566317973705512,-0.00039752527493203794,-0.7599948870121597,2.145406657306781e-06,0.0,0.015461233833144523,-3.2245627875492154e-07,-0.05607198877327635,-2.2270517392599665e-05,0.0,9.224115493555468e-09,-0.010342192750711056,-8.881784197001253e-18,1.0877210716311001e-09,0.0,-5.012616375577039e-06,0.7596832482389385,0.0,0.0,0.0,3.2528721941836594e-08,0.0,0.0,-7.93116121854176e-06,0.0,-0.00010814708154410879,0.0,1.0877210716311001e-09,-3.7220566852402824e-07,1.4595530779256352e-09,-2.406940753671115e-07,0.0,0.0,0.0,0.0,0.0,0.0,0.5959032525080862,0.0,0.0,0.0,0.0,-0.7555888446931932,0.0,-0.0003874554054132961,-2.113827612572269e-08,0.7596268101611038,3.8109367517663533e-10,-2.6849731456662587e-07,2.9112169741465212e-05,2.9112169741465212e-05,0.00021547919477738522,-0.05344886752558895,0.7596268101611038,0.0,6.225235414543963e-09,-0.0003319279649779883,0.7493901102255106,0.0,-1.0568176893832215e-06,-0.002106799512639481,0.7599894158381408,0.009936832506897418,-0.0008235334485737122,0.0,0.0,0.0,0.0,0.0,0.7090994059731635,-4.9836193121162745e-08,-3.3750634285073897e-09,0.0,0.0,0.0,0.0,-0.7057218286107059
SOX9↑,0.7088900849308963,-0.003949501827271321,-3.92112015344198e-06,2.2484968122721455e-09,3.391557189530134e-05,2.5036110260253508e-11,-0.9324440981861116,-1.4129078725119734e-08,-1.4129078725119734e-08,-3.494396072500905e-10,-8.533352428750576e-11,6.322427244014699e-07,-0.13301826402207118,-1.896150169001321e-08,0.0,-1.1155931121509256e-06,0.0,-1.8325732928181626e-06,-2.3027491160308433e-13,-2.373959001544805e-12,3.8351527101869273e-07,-0.05788198229132512,0.3361872179121852,0.0,-4.828073262635735e-08,-0.9850179632674427,-0.9489918093246495,0.6299641038447971,-0.01203973440829145,1.7802569030261486e-10,-0.05788198229132512,-0.05788198229132512,0.0,-7.267871207705668e-07,-5.727469376548555e-09,0.0,0.0,0.0,0.0,-0.00013980779439631166,-0.099045128048639,1.2398522322155448e-06,3.540930547718535e-07,0.00016442872678597127,3.8351527101869273e-07,-8.195127287918766e-11,-1.1089845898540413e-06,3.793230489520325e-11,0.0,-6.769555443624512e-09,-4.371325145347194e-07,-6.212301617063569e-08,-1.208532827098699e-07,0.9999920492871804,-1.5515303682489546e-07,-0.01966633868970274,-0.01966633868970274,-0.05788198229132512,-0.04313694367309221,-3.895089856407939e-06,1.544909379200042e-11,-7.48956965335168e-10,0.0,-2.6965868307367302e-06,-4.084628848488592e-07,0.0,0.0,-2.4533680696992023e-08,-2.4533680696992023e-08,-0.9994818873652414,-0.9995081090063289,-0.9994818873652414,-1.4837454936272072e-11,-6.929986123582755e-07,0.0,-1.8119390420399776e-05,1.4523859286606792e-09,-3.983481755565066e-10,-1.1004793442292992e-07,0.0,5.661223274101068e-07,-7.48956965335168e-10,4.440892098500626e-18,-3.819426478640573e-05,0.0,-0.0001390911544964635,-4.828073262635735e-08,0.0,0.0,0.0,-0.0002566233719730497,0.0,0.0,-1.559246613158649e-08,0.0,-1.2159564873881479e-08,0.0,-3.819426478640573e-05,-0.008271623369534832,0.010411949693296209,0.003536123932062776,0.0,0.0,0.0,0.0,0.0,0.0,-1.1755107305407332e-07,0.0,0.0,0.0,0.0,-6.024369319509781e-10,0.0,-0.9863500087620904,1.1777348030786671e-07,2.4112770854096207e-13,1.933946390470607e-08,3.8351527101869273e-07,0.9999920492871804,0.9999920492871804,0.9999411568846568,-4.084628848488592e-07,2.4112770854096207e-13,0.0,0.7097075668427637,-0.01203973440829145,6.522802571367115e-12,0.0,9.784551742630596e-06,-4.205756119368686e-08,-1.560751274722805e-09,-0.9884949025241133,-5.197205684881467e-07,0.0,0.0,0.0,0.0,0.0,-0.22750218786109283,3.29241595352119e-06,3.97706906125301e-09,0.0,0.0,0.0,0.0,-6.207947821816954e-11
PPARγ↑,0.7332576710961459,-0.9987987520848375,-0.7717394232322908,6.647029852370575e-07,0.025056551840388935,0.029518902895576973,-0.9299481938556171,0.029979259119146232,0.029979259119146232,-1.4464460311562898e-05,-0.02999427206096678,1.0829704233918236e-05,-0.012243944976378015,1.721878990177072e-06,0.0,-0.0029727614795738632,0.0,-0.0035224470523219976,-0.030000002150468247,-0.030000064238299203,0.03315693682867232,-0.05721638939975801,-0.02475538103983697,0.0,0.02994966536516202,-0.002224007382886968,-0.9472397206084625,0.6588243990695761,-0.011978313577338837,0.02343217592670728,-0.05721638939975801,-0.05721638939975801,0.0,-0.003029873702261814,-3.536100103696871e-05,0.0,0.0,0.0,0.0,8.134914313442195e-05,-0.9886153219739177,0.03746804282425611,0.008533944855198336,5.823189921925048e-05,0.03315693682867232,-0.029994344656478118,0.02869348269564899,-0.029998049180761897,0.0,0.02998387584510648,-0.007809783391913277,-0.0017406425438917308,0.026655000607665316,1.1925315128618552e-06,-0.0008817805621321794,-0.999485182000103,-0.999485182000103,-0.05721638939975801,-0.07312439709996454,-0.0870960486701834,3.42788220132461e-09,-0.00040944238439621694,0.0,-0.022476029264670735,-0.002815280521650837,0.0,0.0,-0.00012787296491592715,-0.00012787296491592715,-0.013543372663568566,-0.0017533655011023796,-0.013543372663568566,-0.029999806264625818,-0.001408653740878284,0.0,-0.18991458333186056,4.859593414054085e-06,-0.002213754951167831,-0.0001519121658788425,0.0,0.029946950207107803,-0.00040944238439621694,-2.220446049250313e-18,-0.8293346500980046,0.0,-0.0001387563357715682,0.02994966536516202,0.0,0.0,0.0,-0.8253596107579271,0.0,0.0,-3.725545499138172e-05,0.0,-3.4409433394504416e-05,0.0,-0.8293346500980046,-0.971786448610905,0.9998679255593649,0.7415876688926236,0.0,0.0,0.0,0.0,0.0,0.0,-0.021421036643364134,0.0,0.0,0.0,0.0,-0.029832939044446595,0.0,-1.544664966870335e-05,0.02999314978605813,0.02998526869616226,0.029998206922454966,0.03315693682867232,1.1925315128618552e-06,1.1925315128618552e-06,8.825910647146716e-06,-0.002815280521650837,0.02998526869616226,0.0,0.7199412280552412,-0.011978313577338837,0.029581159256388014,0.0,0.020182282537856196,-0.00011800984527960413,0.0299982892679704,0.0003921907992885576,-0.00858782315949936,0.0,0.0,0.0,0.0,0.0,0.027990727469646055,0.029796815459152665,0.02999978364349988,0.0,0.0,0.0,0.0,-0.02785937053796017
HIF-1α↑,0.6476899834884555,-7.319511152403813e-08,-3.3399259269720204e-13,1.8387391218996352e-16,1.7436613242681475e-12,-1.1102230246251566e-18,-8.808493938028406e-08,0.00023719372511632624,0.00023719372511632624,-5.10702591327572e-17,-4.271654915639217e-18,4.7825635275082967e-14,-2.4292241651568957e-09,0.7599997857272581,0.0,-9.549694368615746e-14,0.0,-1.5686119070323913e-13,0.0,0.0,2.5713372945636304e-14,-1.131451498048719e-09,1.9754187923414542e-07,0.0,0.7603900477984453,-1.1278612248932784e-06,-9.577645894376374e-08,0.5941191107341275,-5.359182508879456e-10,4.995299726434036e-17,-1.131451498048719e-09,-1.131451498048719e-09,0.0,-6.224243342956015e-14,-5.062616992290713e-16,0.0,0.0,0.0,0.0,1.1960690457193629e-10,0.010361947442439576,9.154609795919421e-14,2.6081359294494176e-14,-1.4557026811860014e-11,2.5713372945636304e-14,-4.336194591055258e-18,0.770176048753038,-2.091623152942077e-05,0.0,0.7068415600150648,-2.2265354910808688e-14,-3.123635696955962e-15,-6.2094563618410795e-15,1.1483730463558798e-07,-1.3270495813344496e-14,-7.087130249328055e-10,-7.087130249328055e-10,-1.131451498048719e-09,-2.462602244201345e-10,-3.334226057955577e-13,1.2387952144800709e-18,-1.3322676295501878e-16,0.0,-1.3856167949133357e-13,-3.490652211723955e-14,0.0,0.0,-2.104982854689297e-15,-2.104982854689297e-15,-1.2699712187536072e-07,-1.6449899155945858e-07,-1.2699712187536072e-07,-1.3234889800848443e-25,-3.5691449795649534e-14,0.0,-9.223288886112125e-13,7.432842861164468e-17,-6.661338147750939e-17,-9.405809464624326e-15,0.0,2.9416469260468145e-14,-1.3322676295501878e-16,3.3306690738754695e-18,-3.259705247697295e-12,0.0,-6.115423722974355e-12,0.7603900477984453,0.0,0.0,0.0,-2.1516270033022923e-11,0.0,0.0,-1.3322676295501878e-15,0.0,-9.514611321037592e-16,0.0,-3.259705247697295e-12,-4.2911051156835355e-10,7.549937089378199e-10,2.8109160743196e-10,0.0,0.0,0.0,0.0,0.0,0.0,-9.655874114262108e-15,0.0,0.0,0.0,0.0,-3.156842242989363e-17,0.0,-3.055331722057186e-07,6.155206417124946e-15,0.0,9.85878045867139e-16,2.5713372945636304e-14,1.1483730463558798e-07,1.1483730463558798e-07,8.488058504577831e-07,-3.490652211723955e-14,0.0,0.0,1.715167097828049e-10,-5.359182508879456e-10,-2.227527244689359e-18,0.0,5.035194483582473e-13,0.01066558414729899,0.0001644570966896545,-1.7778592567019303e-07,-3.8344882824503656e-14,0.0,0.0,0.0,0.0,0.0,-2.2329814209735842e-07,1.7119194381303924e-13,1.865174681370263e-16,0.0,0.0,0.0,0.0,-4.527628272299466e-18
NRF2↑,0.6134014316616159,-0.005121709585996516,-0.018595954157061542,8.262404362270525e-08,0.007857647502523189,0.7182933657195473,-0.00018041608427012522,0.7297739773995232,0.7297739773995232,-0.0003487373305764541,-0.7298548039160577,9.16767186821984e-05,-0.00032719868058833423,-2.1493342672965848e-05,0.0,-0.002126237061726044,0.0,-0.0024864844700740905,-0.7299999946327276,-0.7299998358127613,0.6793092393006355,-0.0006628132609217452,-0.6023782584552819,0.0,0.7296715157006142,-0.05410827573164419,-7.4626158574439e-05,0.7085589384458447,-0.0003196337715634545,0.5701833810254037,-0.0006628132609217452,-0.0006628132609217452,0.0,-0.0519044633380308,-0.0006331777247349612,0.0,0.0,0.0,0.0,0.0019791274693784088,0.009449139580590989,0.0011273288661807182,-0.01642696897001528,0.0014167509433136633,0.6793092393006355,-0.729854828246904,0.7206884251544821,-0.7299512736133625,0.0,0.7299010505997182,0.001423098668595499,0.00037083937664831744,0.6797811888628681,2.799198942357836e-05,-0.015437819009298824,-0.0004169933866862341,-0.0004169933866862341,-0.0006628132609217452,-0.7300205437553616,-0.06974178895024609,5.664174196549399e-10,-0.00993472114521304,0.0,-0.00960789523782726,-0.05180252831098448,0.0,0.0,-0.0021834073016058398,-0.0021834073016058398,-0.00038217940827489085,-0.0013054346378639215,-0.00038217940827489085,-0.7299950906035562,-0.0006760234771428686,0.0,0.00480116324423022,9.747533805082405e-08,-0.053858866902634375,-0.00010578973158051341,0.0,0.7306297755304876,-0.00993472114521304,0.0,-0.01998081607498928,0.0,-4.998949302357225e-06,0.7296715157006142,0.0,0.0,0.0,-0.019869744332749614,0.0,0.0,-2.6519775252041855e-05,0.0,-0.0001192159197110243,0.0,-0.01998081607498928,-0.0002476473962478787,0.00043675172902527155,0.0174263564374079,0.0,0.0,0.0,0.0,0.0,0.0,0.5564235604490194,0.0,0.0,0.0,0.0,-0.7257630650085496,0.0,-0.0003722621210801613,0.019992758542595825,0.7296415406520677,0.7300213604464507,0.6793092393006355,2.799198942357836e-05,2.799198942357836e-05,0.00020718741124250664,-0.05180252831098448,0.7296415406520677,0.0,2.569549897837345e-08,-0.0003196337715634545,0.7198089029096576,0.0,0.009878511846020004,-0.002046013675414192,0.7299890252907487,0.009544554212775455,-0.001106975619729954,0.0,0.0,0.0,0.0,0.0,0.6811085813877095,0.01979715684931417,0.01999972868327966,0.0,0.0,0.0,0.0,-0.6778643976301979
IκBα↑,0.05733002546228028,-0.1433298861180473,-0.037206259451451756,1.765131621412621e-07,0.03391455091437858,0.039358535481685136,-0.11980253173747019,0.03997262945685521,0.03997262945685521,-1.9188238313537774e-05,-0.03999202750937347,9.073652059047452e-06,-0.028288197816045267,2.6835336931456032e-06,0.0,-0.0029912464556085803,0.0,-0.003748090126998572,-0.03999999966545374,-0.03999999070411807,0.037721212443557334,-0.18908719239371144,-0.03299738857328207,0.0,0.039933871232788916,-0.005093369022650764,-0.1229514905739163,0.042286223716793414,-0.027498345204346686,0.031242888682411412,-0.18908719239371144,-0.18908719239371144,0.0,-0.004027109227307523,-4.7007956411029284e-05,0.0,0.0,0.0,0.0,0.895751536624384,-0.23724404395543872,0.002273000393135497,-0.926527688145389,0.23868948332825585,0.037721212443557334,-0.0399920288327034,0.038280357763200185,-0.09155184869708333,0.0,0.039978646034351965,-0.0013227183126149878,-0.0002470407204580901,0.036885609896345435,0.0001683053902465577,-0.001172456494267786,-0.14739217669759788,-0.14739217669759788,-0.18908719239371144,-0.09049061283604729,-0.04000806351586439,0.9999999932033584,-0.000545864910160353,0.0,-0.03916362213937682,-0.0037414992502620027,0.0,0.0,-0.00017005821643159113,-0.00017005821643159113,-0.03360280819404344,-0.0030315803979148715,-0.03360280819404344,-0.03999972876737224,-0.00272305261623194,0.0,-0.03890791255381772,1.6229598166574647e-06,-0.9822246442777016,-0.00017038562118788293,0.0,0.0399180566166731,-0.000545864910160353,-1.1102230246251566e-18,-0.04010654480710411,0.0,-0.00034458041236446244,0.039933871232788916,0.0,0.0,0.0,-0.04073426173152275,0.0,0.0,-3.827984902520676e-05,0.0,-3.641349705718944e-05,0.0,-0.04010654480710411,-0.13205422756059915,0.129263747777585,0.052546632373350895,0.0,0.0,0.0,0.0,0.0,0.0,-0.0010445998300000119,0.0,0.0,0.0,0.0,-0.03976771641955622,0.0,-0.00046340043463724226,0.03998837673120621,0.03998035650903719,0.03999722257427971,0.037721212443557334,0.0001683053902465577,0.0001683053902465577,0.001196997244690423,-0.0037414992502620027,0.03998035650903719,0.0,0.0837659924716787,-0.027498345204346686,0.0394415323016018,0.0,0.03968986477930315,-0.17176591254901422,0.039997750433238784,-0.11154305211836406,-0.11403057154063659,0.0,0.0,0.0,0.0,0.0,0.036967588790676714,0.03966336334248408,0.039999607924885355,0.0,0.0,0.0,0.0,-0.03714324203420603
SOX9↑ + RhoA-E↓,0.6722036310915362,-0.0059860663036456615,-0.027899410728627533,1.272049568029163e-07,0.016302454646706318,0.029520584608244783,-0.9336738646500652,0.029979742127492232,0.029979742127492232,-1.7455565149103735e-05,-0.03058438848219507,4.192253748093502e-06,-0.13632569211604545,4.675663800177332e-06,0.0,-0.002244041613337349,0.0,-0.0028106136801979487,-0.030000022536224406,-0.03000066878135084,0.028287746445937855,-0.05975216215804877,0.3087915580056358,0.0,0.029953478312803945,-0.9805699485007225,-0.9979074675046253,0.591212905567633,-0.012248752789825743,0.023444650980309185,-0.05975216215804877,-0.05975216215804877,0.0,-0.0032041819951495023,-3.732604770359638e-05,0.0,0.0,0.0,0.0,-0.00012430567178058728,-0.09321816635031649,0.0016968489425045828,-0.00019184012871336641,0.0002979248823352858,0.028287746445937855,-0.030584289733805278,0.028743484777578248,-0.030185032717271788,0.0,0.029985938568794314,-0.0006288566556541182,-0.00011795292682745772,0.027714010931698993,0.9999896640737371,-0.0009264350273290689,-0.16942979876002112,-0.16942979876002112,-0.05975216215804877,-0.06834280188533691,-0.030185513386199396,8.720235742035533e-10,-0.0005003223663487577,9.885590863496694e-08,-0.6928902956378294,-0.0029905018681242257,0.0,0.0,-0.0001337486628646245,-0.0001337486628646245,-0.9994503687215015,-0.9993890801823239,-0.9994503687215015,-0.03001984685643966,-0.979524348722312,0.0,-0.019269158693184463,7.967708984785922e-07,-0.002399603411941205,-0.00012770650489888903,0.0,0.029931381406548888,-0.0005003223663487577,2.4294975520247066e-05,-0.03002648027255856,0.0,-0.00014190411549518166,0.029953478312803945,0.0,0.0,0.0,-0.030173008129013343,0.0,0.0,-2.8713437746341607e-05,-0.9999996558403942,-2.8198468788674935e-05,0.0,-0.03002648027255856,-0.012187048486870047,0.015405063300022203,0.031238889796510447,5.382351260558175e-05,0.0,0.0,0.0,0.0,0.0,-0.0004887343106553481,-0.9999897852104206,0.0,-0.9999996558403942,0.0,-0.04564454484442503,0.0,-0.9863191177870376,0.029992568286096758,0.029987658360238797,0.029997726735719404,0.028287746445937855,0.9999896640737371,0.9999896640737371,0.9999235039530443,-0.0029905018681242257,0.029987658360238797,-0.14823678360410686,0.7182558524015923,-0.012248752789825743,0.029598888087636138,0.0,0.01971127417082025,-0.00012727656300826396,0.02999835211471196,-0.9892792855192016,-0.09974702424646086,-0.9298973567517996,0.0,0.0,0.0,0.0,-0.2855378142758295,0.029724300617030543,0.030000039503505188,0.0,0.0,0.0,0.0,-0.032356776105856765
SOX9↑ + PIEZO1↓,0.6691207786478424,-0.01053764186182395,-0.009303880120065814,4.485283913979776e-08,0.008375840974197862,0.009839694151109392,-0.9348972974626726,0.009890062180115785,0.009890062180115785,-0.0022346983147589626,-0.010016154082025329,0.0003022563178857001,-0.14407071844608255,5.306404065376783e-07,0.0,-0.3015733054546406,0.0,-0.24630285962907159,-0.01000000068412656,-0.010000018891231316,0.009208810375415502,-0.06457269932369158,0.3848522348440392,0.0,0.009682294974159868,-0.9805699485013006,-0.9501655238028297,0.5866871453718924,-0.06063918921169216,0.007811166710628803,-0.06457269932369158,-0.06457269932369158,0.0,-0.24383676316748398,-0.01862950081548465,0.0,0.0,0.0,0.0,0.0003767203635935953,-0.09881492836644255,-0.0004649396683451791,-0.005142397921496175,0.001031187222272659,0.009208810375415502,-0.010016151237619213,0.0031492546581311314,-0.010005065958481163,0.0,0.009912307252294101,0.00021114687259801452,1.5057895604921823e-05,0.008994008931104868,0.9999896640737357,-0.2440273696128347,-0.026219094478713973,-0.026219094478713973,-0.06457269932369158,-0.0493659714664367,-0.010010242186649986,1.4311493180064416e-07,-0.03812741639858469,0.0,-0.009782884460637633,-0.2463104945693314,0.0,0.0,-0.26891616025914566,-0.26891616025914566,-0.9994503687302273,-0.9993916501329871,-0.9994503687302273,-0.010000550172821566,-0.0006787102945277401,0.0,-0.009675612750301314,4.014666732864492e-07,-0.015432620781731793,-0.26891592705235207,0.0,0.009977862949025307,-0.03812741639858469,0.0,-0.010049045814028887,0.0,-0.0010163301852115381,0.009682294974159868,0.0,0.0,-0.9826345854560262,-0.010326301990113534,0.0,0.0,-0.0205698480071655,0.0,-0.008594830393471517,0.0,-0.010049045814028887,-0.017062791086412964,0.017326002713587575,0.014179752043414585,0.0,0.0,0.0,0.0,0.0,0.0,-0.0002597972816306134,0.0,0.0,0.0,0.0,-0.01046048313185151,0.0,-0.9863191177877509,0.009996790621777055,0.009945050405737255,0.00999924989206885,0.009208810375415502,0.9999896640737357,0.9999896640737357,0.9999235039530332,-0.2463104945693314,0.009945050405737255,0.0,0.7204368363557083,-0.06063918921169216,0.008512859689989922,0.0,0.009894746700603344,-0.0009145935275833195,0.0099891841327332,-0.9892792855198794,-0.00033210813086486545,0.0,0.0,0.0,0.0,0.0,-0.2799079251057884,0.009906644931532902,0.00999989511218451,0.0,0.0,0.0,0.0,-0.009426683142406795
SOX9↑ + PI3K-E↓,0.7156539075958948,-0.003722765511039123,-0.7532285481499464,1.4177336922489166e-07,-0.008219406779966803,7.945045284684087e-10,-0.9322700799046157,-1.3417810264720987e-08,-1.3417810264720987e-08,-2.0769376307683275e-08,-2.2631543193687916e-07,4.046305709445048e-07,-0.1326458705931593,-1.610415452244635e-08,0.0,-0.0007447682900191654,0.0,-0.0007285713721390419,-5.735611961579045e-10,-1.7019754561236795e-08,0.004904276794757786,-0.05767363997938931,0.32805624585061444,0.0,-4.397453720908479e-08,-0.9857592990617998,-0.9488481732142502,0.6374219475694999,-0.012018237649899875,5.887668695532914e-09,-0.05767363997938931,-0.05767363997938931,0.0,-1.177367811621366e-05,-1.2310137253890297e-07,0.0,0.0,0.0,0.0,-0.0001328168746873899,-0.09938203174534989,0.036091926748241396,0.008756131164517005,0.0001563014918320191,0.004904276794757786,-2.714038893782913e-07,-1.039777630655683e-06,-8.356708009932816e-08,0.0,-9.576432077956086e-09,0.00030339307245606323,5.345790123370829e-05,3.707821632762277e-05,0.9999924468227546,-2.920792108814796e-06,-0.01926310811173831,-0.01926310811173831,-0.05767363997938931,-0.043665814434070985,-0.05804056591586993,6.909676878246592e-10,-4.625111787670555e-08,0.0,0.009763080278160939,-1.0472584226867143e-05,0.0,0.0,-4.0466953440287946e-07,-4.0466953440287946e-07,-0.999487140471077,-0.9995275188185525,-0.999487140471077,1.867387591256681e-08,0.0006759397640059783,0.0,0.008573154687096933,-3.7488294091574887e-07,-8.44589206383528e-08,-2.4843030053659508e-05,0.0,4.926050887526492e-07,-4.625111787670555e-08,-3.3306690738754695e-18,-0.8101835896133336,0.0,-0.00013891877493149907,-4.397453720908479e-08,-0.9999897852104206,0.0,0.0,-0.811277162597903,0.0,0.0,-8.73373752052431e-06,0.0,-7.25334793739485e-06,0.0,-0.8101835896133336,-0.0077416394426302205,0.009709023465191776,0.007532872284490162,0.0,0.0,0.0,0.0,0.0,0.0,-0.020900847522375914,0.0,0.0,0.0,0.0,-7.261123045635301e-06,0.0,-0.9863551572578138,-1.2937851697024882e-07,1.0934288862258487e-09,1.2276288332874756e-08,0.004904276794757786,0.9999924468227546,0.9999924468227546,0.9999440990399274,-1.0472584226867143e-05,1.0934288862258487e-09,0.0,0.7302201823485265,-0.012018237649899875,8.055029755763514e-09,0.0,-0.009861415776981035,-4.450954850909739e-08,-1.481956004808882e-09,-0.988364172024819,-0.008140595877403232,0.0,0.0,0.0,0.0,0.0,-0.21868273602623567,1.3405524828303378e-06,-2.8743353753557973e-08,0.0,0.0,0.0,0.0,-1.9700973446425203e-06
SOX9↑ + FAK-E↓,0.6546835413030879,-0.015104977122850529,-0.6602466500988489,3.018042487502127e-06,0.5786848613421194,-0.2853498504131659,-0.9551547332622925,0.008606535915138306,0.008606535915138306,-0.00288526932498668,-0.010581758892660213,2.472341791910284e-05,-0.15471568654238588,1.203030809925195e-06,0.0,-0.0014567401869415397,0.0,-0.0016321693583935127,-0.010000036183207217,-0.010001073187232272,0.675831074255588,-0.0708325172338022,0.3436206754887532,0.0,0.00963770649980765,-0.9783459411182294,-0.9984367755662856,0.5706606808462077,-0.01342507424010444,-0.22651441791152974,-0.0708325172338022,-0.0708325172338022,0.0,-0.0012024640308900803,-0.07900284595567265,-0.9999999996093435,0.0,-0.9996970843171059,0.0,0.0003972669762181924,-0.12964324641399977,0.9735552934789162,0.07067788653237002,0.0011509396575692568,0.675831074255588,-0.010581787892222092,0.0021915974628136893,-0.010185362249789727,0.0,0.009903396236684753,-0.02369676521899865,-0.0043955143751556605,-0.026749807384395922,0.9999884714670134,-0.00034304758942839685,-0.22913966317341816,-0.22913966317341816,-0.0708325172338022,-0.050994808411313555,-0.06464361555469554,1.4371387549731319e-08,-0.052941171861880784,9.885590863496694e-08,-0.6928829272308598,-0.0011292551912160697,-0.999999988404814,0.0,-4.912712180228818e-05,-4.912712180228818e-05,-0.9994346094127202,-0.9993334206963164,-0.9994346094127202,-0.010020045144503791,-0.9795223917922058,0.0,-0.6781034989551304,2.8175875642530934e-05,-0.017642573377342662,-6.640464059542994e-05,0.0,0.010032862344373488,-0.052941171861880784,-0.8457658532051979,-0.7102803743505289,0.0,-0.0004803827068228894,0.00963770649980765,-0.9999897852104206,0.0,0.0,-0.711954061505133,0.0,0.0,-1.7889495138166956e-05,-0.9999996558403942,-0.02671156871977959,0.0,-0.7102803743505289,-0.2738619698366378,0.03438018354586499,0.6400196632449928,5.382351260558175e-05,-0.9999825184300413,-0.9999996558403942,0.0,-0.9999897852104206,0.0,-0.01829038888359053,-0.9999897852104206,0.0,-0.9999996558403942,0.0,-0.025572255372375348,0.0,-0.9863036723005811,0.010092443000906224,0.004073502189230502,0.010002787520555865,0.675831074255588,0.9999884714670134,0.9999884714670134,0.9999146774872213,-0.0011292551912160697,0.004073502189230502,-0.14823678360410686,0.9653529205405615,-0.01342507424010444,-0.05973073139795153,0.0,0.6920578133897848,-0.0010499388246198338,0.009987586029845305,-0.9896714770177626,-0.9939048709138588,-0.9298973567517996,0.0,0.0,0.0,0.0,-0.3216912639038595,0.010772959371009567,0.010012005203074582,0.0,0.0,0.0,0.0,-0.013732017234150027
SOX9↑ + ROS↓,0.7715737064395486,-0.01056830284513473,-0.018601469089001982,8.57635517687336e-08,-0.0003801205252259432,0.7281329994642957,-0.9336863346325499,0.7397709601671846,0.7397709601671846,-0.0003535144559294268,-0.7398528103345536,9.381646644522976e-05,-0.1575466690380184,0.7197014230816342,0.0,-0.002136708834149378,0.0,-0.0024977225197991048,-0.7399999945480785,-0.7399998334810101,0.018858257627562058,-0.07194339150099939,0.3760349778157237,0.0,0.7396672826110757,-0.9805699485011078,-0.9497152397861249,0.7420109883432877,-0.013689446230694187,0.5779941023023346,-0.07194339150099939,-0.07194339150099939,0.0,-0.05260817418195945,-0.0006417726605472418,0.0,0.0,0.0,0.0,0.0013074003300134215,-0.012308429791485857,0.0011282249319496263,-0.016656707150240563,0.0022508622455838707,0.018858257627562058,-0.7398528349979172,0.7305677209837056,-0.7399506062198795,0.0,0.6871706374861769,0.0017938589967142473,0.00044080830954100833,0.6891388898755128,0.9999896640737361,-0.015647212564591555,-0.023878832229404772,-0.023878832229404772,-0.07194339150099939,-0.07128047260728683,-0.07044782555919622,5.880051540385987e-10,-0.010070802656061795,0.0,0.00016592997853456898,-0.05250636200746524,0.0,0.0,-0.0022129961147103906,-0.0022129961147103906,-0.9994503687273186,-0.999390793482766,-0.9994503687273186,-0.7399950227375007,-2.524184430729992e-07,0.0,0.014618266231422292,-3.0311445576051216e-07,-0.05459664710386716,-0.00010623670837213939,0.0,0.01995405823948268,-0.010070802656061795,-4.440892098500626e-18,-0.020033980383494722,0.0,-0.0001598793046126168,0.7396672826110757,0.0,0.0,0.0,-0.020219897714713636,0.0,0.0,-2.6645939932254946e-05,0.0,-0.00012065590213223509,0.0,-0.020033980383494722,-0.011408506917291618,0.01430636955634337,0.02230982839309747,0.0,0.0,0.0,0.0,0.0,0.0,0.564510842724425,0.0,0.0,0.0,0.0,-0.7357049896630993,0.0,-0.986319117787513,0.01999268012728679,0.7396366302016003,0.019998432453569727,0.018858257627562058,0.9999896640737361,0.9999896640737361,0.9999235039530369,-0.05250636200746524,0.7396366302016003,0.0,0.7173589022266819,-0.013689446230694187,0.72966929752101,0.0,2.131375880769786e-05,-0.0020737916366226285,0.7399888793763018,-0.9892792855196534,-0.0011184166920870397,0.0,0.0,0.0,0.0,0.0,-0.24262156566376697,0.019799959118255734,0.01999970147892933,0.0,0.0,0.0,0.0,-0.6871502074396092
PPARγ↑ + RhoA-E↓,0.7305839478470859,-0.9987281303827076,-0.7624453536600272,7.644024770780122e-07,0.04966352286413882,0.059039608523057445,-0.9299677516512871,0.05995893725067998,0.05995893725067998,-3.2137856503152704e-05,-0.06062141489620095,1.5812655394411367e-05,-0.012329812941369516,6.448251237718425e-06,0.0,-0.005245266315178128,0.0,-0.0063604990039061145,-0.060000026210676245,-0.060000778365114006,0.061201471035142535,-0.057941269339512214,-0.6770440755053163,0.0,0.059903056557658776,-0.004450373849108108,-0.9978423583583542,0.6576557367312955,-0.012065970369535946,0.04687772489178652,-0.057941269339512214,-0.057941269339512214,0.0,-0.006247822450696995,-7.284328724764366e-05,0.0,0.0,0.0,0.0,0.00014823352917287268,-0.9887425640232845,0.03737356229259806,0.007913242098183771,7.682477665086791e-05,0.061201471035142535,-0.060621381092477264,0.05743284851831599,-0.06019660742449977,0.0,0.059969860687982074,-0.008407738243245649,-0.001837681350280799,0.054380000922284184,2.3851499509871944e-06,-0.0018117608032755916,-0.999479195720846,-0.999479195720846,-0.057941269339512214,-0.10100743507621004,-0.11907613468216048,4.172222237016202e-09,-0.0009163353611108394,9.885590863496694e-08,-0.8004371866517863,-0.005819734492991367,0.0,0.0,-0.0002620872127853735,-0.0002620872127853735,-0.1329217385374806,-0.011298055599497939,-0.1329217385374806,-0.06002110838456009,-0.9869733484661377,0.0,-0.21007622383667005,5.853359773674447e-06,-0.004626795944187471,-0.0002805281884723987,0.0,0.05988065439532487,-0.0009163353611108404,2.4294975520242624e-05,-0.8193829624279314,0.0,-0.00014012446530973333,0.059903056557658776,0.0,0.0,0.0,-0.8156953920890434,0.0,0.0,-6.630189852933288e-05,-0.9999996558403942,-6.294972348941052e-05,0.0,-0.8193829624279314,-0.9717816080745066,0.9998601567793327,0.7378211474624399,5.382351260558175e-05,0.0,0.0,0.0,0.0,0.0,-0.02116006888607838,-0.9999897852104206,0.0,-0.9999996558403942,0.0,-0.07662009283524096,0.0,-3.377027151743151e-05,0.05998486034131178,0.059973100202026265,0.0599959891395447,0.061201471035142535,2.3851499509871944e-06,2.3851499509871944e-06,1.765246358255533e-05,-0.005819734492991367,0.059973100202026265,-0.14823678360410686,0.7202674821386488,-0.012065970369535946,0.05918133118524753,0.0,0.04985333886609524,-0.00024624748207583536,0.05999663202526718,-0.10169338618339191,-0.14105723435837944,-0.9298973567517996,0.0,0.0,0.0,0.0,0.005276204154668407,0.05952575472523084,0.05999965408876899,0.0,0.0,0.0,0.0,-0.060541723324945514
PPARγ↑ + PIEZO1↓,0.6507230225111204,-0.9979512922662542,-0.6601763481119682,5.947345570989632e-07,0.032819781213872766,0.02951897697826774,-0.931982644873512,0.029856178114578028,0.029856178114578028,-0.0026573105213886007,-0.03001666019595294,0.0005314841075277718,-0.013178295665614815,1.162586542273666e-06,0.0,-0.36098011048737055,0.0,-0.2944073263549616,-0.030000002737593606,-0.030000079763725235,0.03217050591095374,-0.06519167287586859,-0.02474246127866802,0.0,0.0295893363820762,-0.0059886261722828,-0.9478394639819419,0.5679634106910365,-0.06757284002203756,0.023432722315849572,-0.06519167287586859,-0.06519167287586859,0.0,-0.29082728795103163,-0.022101351322908823,0.0,0.0,0.0,0.0,0.0009986443247389824,-0.9901422283664633,0.030893323322641945,0.0011999170232903523,0.0006684751340511796,0.03217050591095374,-0.03001671818096567,0.02102032314142054,-0.030005140265048767,0.0,0.029885591171017852,-0.006456597511179291,-0.0014730935775536056,0.026494653651672615,0.0003655710711944115,-0.28976221931343515,-0.9994133472915375,-0.9994133472915375,-0.06519167287586859,-0.0666606334446945,-0.07871920266766357,1.7489161489742813e-07,-0.04543592166006073,0.0,-0.03186989412374953,-0.2936704130047397,0.0,0.0,-0.3187943024658049,-0.3187943024658049,-0.015626917629544202,-0.0047222226980174475,-0.015626917629544202,-0.0300005685877973,-0.0020924805673054737,0.0,-0.174339718706577,4.680589435547928e-06,-0.019630037670679626,-0.31881962557844107,0.0,0.029957141083355364,-0.04543592166006073,7.771561172376097e-18,-0.7095665972500135,0.0,-0.0011380835133813039,0.0295893363820762,0.0,0.0,-0.9826345854560262,-0.7069754151254216,0.0,0.0,-0.02444747733835116,0.0,-0.010234902756112371,0.0,-0.7095665972500135,-0.971728364703824,0.9997747047012993,0.6520134168625101,0.0,0.0,0.0,0.0,0.0,0.0,-0.018535341273553475,0.0,0.0,0.0,0.0,-0.03047221536043156,0.0,-0.0027763612472452193,0.02999547877486237,0.029925967041959187,0.029998559547307305,0.03217050591095374,0.0003655710711944115,0.0003655710711944115,0.002517222358661062,-0.2936704130047397,0.029925967041959187,0.0,0.7264299737073882,-0.06757284002203756,0.027984120117341214,0.0,0.030199665442002546,-0.0011586866960029162,0.02998602133056747,-0.00017134183275502535,-0.007574370764129836,0.0,0.0,0.0,0.0,0.0,0.027232635334456662,0.029857041835339146,0.02999988669321116,0.0,0.0,0.0,0.0,-0.028033131387728956
PPARγ↑ + PI3K-E↓,0.6906807974150482,-0.9983750206581044,-0.7160366909938978,6.022115818552194e-07,-2.0605268276237092e-05,0.019679269285572024,-0.929956333927547,0.019985922331682816,0.019985922331682816,-9.664980374987086e-06,-0.019996251450120867,1.1994973728064462e-05,-0.012323239869320789,8.168169723816521e-07,0.0,-0.0021851950553796675,0.0,-0.0025486015424245755,-0.0200000021188648,-0.020000063086426687,0.023427747136408657,-0.058028818116335874,-0.016503618543792786,0.0,0.019965586751078502,-0.0014826714365540794,-0.9472714159087,0.6113037591224179,-0.012059331690780243,0.015621455591841334,-0.058028818116335874,-0.058028818116335874,0.0,-0.002024443993188998,-2.3617896608834067e-05,0.0,0.0,0.0,0.0,5.423344701489615e-05,-0.9893787706698318,0.03468297178212906,0.008043034015651086,3.882143211892258e-05,0.023427747136408657,-0.019996320215689384,0.01910933220882211,-0.01999872135087866,0.0,0.01998911904958011,-0.006343432608503639,-0.001450545043075828,0.01758550514000183,7.949932236326986e-07,-0.0005889309421386346,-0.9994492630395261,-0.9994492630395261,-0.058028818116335874,-0.060431071952156315,-0.07374519679745692,3.054944082786859e-09,-0.0002729757408516142,0.0,0.007009716735539228,-0.001880441869343179,0.0,0.0,-8.540352692372633e-05,-8.540352692372633e-05,-0.013636301316687728,-0.0017944401487759987,-0.013636301316687728,-0.01999987364502235,0.0006191224404266338,0.0,-0.15050931942856507,3.424218335099901e-06,-0.0014758629417625192,-0.00010819282140747899,0.0,0.019974407220417087,-0.0002729757408516142,2.220446049250313e-18,-0.7702223026419991,0.0,-0.00013962357898575584,0.019965586751078502,-0.9999897852104206,0.0,0.0,-0.7715478964519521,0.0,0.0,-2.722632120041313e-05,0.0,-2.4922506753103367e-05,0.0,-0.7702223026419991,-0.9717574003331102,0.9998213038745402,0.6955888018083818,0.0,0.0,0.0,0.0,0.0,0.0,-0.019363488008048716,0.0,0.0,0.0,0.0,-0.019890596560499466,0.0,-1.0298112494133704e-05,0.019996999132675036,0.019990179506248276,0.01999912974032868,0.023427747136408657,7.949932236326986e-07,7.949932236326986e-07,5.883735333734571e-06,-0.001880441869343179,0.019990179506248276,0.0,0.7203514776756829,-0.012059331690780243,0.019720775936228563,0.0,-0.00937295224601793,-7.941996416689023e-05,0.019998831817021386,0.00026146034045797516,-0.00791978754126105,0.0,0.0,0.0,0.0,0.0,0.01866050146200089,0.01991788173800822,0.019999862022494302,0.0,0.0,0.0,0.0,-0.018573446601010648
PPARγ↑ + FAK-E↓,0.6479282547583162,-0.9978806693501708,-0.6509488606841574,3.0112778283523614e-06,0.5708085362522844,-0.2951894655650211,-0.9502687120660067,0.05829183912446055,0.05829183912446055,-0.0033841385278084047,-0.060531738654586054,0.0005246699607986863,-0.020883760287891004,3.297138362755543e-06,0.0,-0.005132067047148341,0.0,-0.006252825691517869,-0.06000004319583417,-0.06000128176255323,0.6707496973478771,-0.07155167962545896,-0.5779843566583263,0.0,0.059479323188775496,-0.04746726756876881,-0.998260397932593,0.5657098881878223,-0.013511669626499127,-0.23432500122604527,-0.07155167962545896,-0.07155167962545896,0.0,-0.006217668015779256,-0.0808210308422638,-0.9999999996093435,0.0,-0.9996970843171059,0.0,0.00036418040484477513,-0.9902694668155432,0.9728521061851059,0.07061928992349696,-0.0005817979952386288,0.6707496973478771,-0.06052179701454524,0.048448149115746915,-0.06016594779503793,0.0,0.05985633438145282,-0.022846925638792218,-0.004245904980713532,0.013047136007575906,4.0511198635505206e-05,-0.0018039337540061596,-0.9994073597272453,-0.9994073597272453,-0.07155167962545896,-0.09698534276774565,-0.10995977770375504,1.481573419508506e-08,-0.06131100382058121,9.885590863496694e-08,-0.6733301207467624,-0.0057884462132378476,-0.999999988404814,0.0,-0.0002610691474812543,-0.0002610691474812543,-0.15641854524470522,-0.01628091670737492,-0.15641854524470522,-0.06002715279694611,-0.978168330496003,0.0,-0.6629955099498082,2.772075666000805e-05,-0.024625753362031242,-0.00027705335439678794,0.0,0.059960133937056376,-0.06131100382058121,-0.8457658532051978,-0.7002900523911422,0.0,-0.000491268474212575,0.059479323188775496,-0.9999897852104206,0.0,0.0,-0.7020217385414343,0.0,0.0,-6.498474895821671e-05,-0.9999996558403942,-0.0274871652094426,0.0,-0.7002900523911422,-0.9717235191080222,0.999766926916634,0.7302658971732068,5.382351260558175e-05,-0.9999825184300413,-0.9999996558403942,0.0,-0.9999897852104206,0.0,-0.017782754476327264,-0.9999897852104206,0.0,-0.9999996558403942,0.0,-0.07394221995503714,0.0,-0.17871549852397023,0.060076684602224574,0.05286416863794675,0.06000019042384099,0.6707496973478771,4.0511198635505206e-05,4.0511198635505206e-05,0.0002971581483083416,-0.0057884462132378476,0.05286416863794675,-0.14823678360410686,0.9602845950160114,-0.013511669626499127,-0.024350464828961717,0.0,0.6744892422955359,-0.0014490790929694265,0.05998219994415165,-0.17113211889104318,-0.9937334987240237,-0.9298973567517996,0.0,0.0,0.0,0.0,-0.33101930726027784,0.06046935128899641,0.060010735405337086,0.0,0.0,0.0,0.0,-0.05977997367557296
PPARγ↑ + ROS↓,0.7462992489127628,-0.9979512922662545,-0.6601714423288729,3.748890756688685e-07,-0.015762721044802332,0.698614098229909,-0.930303330165199,0.7097648785821934,0.7097648785821934,-0.00034019696373860153,-0.7098587910291754,0.00010337407061413633,-0.013889394341971135,0.7296031262886896,0.0,-0.05302544488593159,0.0,-0.06641495159476529,-0.7099999948020224,-0.7099998404761778,-0.01449285190694757,-0.0709785414864263,-0.5858746768079993,0.0,0.7096360402889265,-0.05263653150146462,-0.9473273580327625,0.7127711160738666,-0.013663912853068361,0.55456193847049,-0.0709785414864263,-0.0709785414864263,0.0,-0.07143701993136513,-0.0008340477657996603,0.0,0.0,0.0,0.0,0.0019252434470995482,-0.9901422283664629,0.03105253929953311,-0.006041995315710768,0.0013781676627388016,-0.01449285190694757,-0.7098588146949699,0.6996303951506363,-0.709952572425544,0.0,0.6557609130921692,-0.0038683516631133575,-0.0009218180710672988,0.6599228370035256,2.8392791730639418e-05,-0.0208017986233628,-0.9994133472915379,-0.9994133472915379,-0.0709785414864263,-0.03201412315381755,-0.7099016563877142,2.5702027501712013e-09,-0.009689125294988183,0.0,0.019626174244440048,-0.06638711748069412,0.0,0.0,-0.003017062107194385,-0.003017062107194385,-0.01547201137809771,-0.003884805774830581,-0.01547201137809771,-0.7099952263339747,0.0013295151232854087,0.0,-0.12038227706686706,2.5030445435961116e-06,-0.052390805024336747,-0.00301751950153851,0.0,-0.019930355745282475,-0.009689125294988181,1.1102230246251566e-18,-0.7095162422440177,0.0,-0.00016576890269104027,0.7096360402889265,0.0,0.0,0.0,-0.7066269285727453,0.0,0.0,-0.0006785003868105666,0.0,-0.0006455862883609797,0.0,-0.7095162422440177,-0.9717283647038237,0.9997747047012999,0.645701892421375,0.0,0.0,0.0,0.0,0.0,0.0,-0.018530017930907347,0.0,0.0,0.0,0.0,-0.7058792142692009,0.0,-0.0003659938062013801,-0.019988319334426553,0.7096513320066228,-0.01999761575005192,-0.01449285190694757,2.8392791730639418e-05,2.8392791730639418e-05,0.00021013140748527532,-0.06638711748069412,0.7096513320066228,0.0,0.7212295789557542,-0.013663912853068361,0.7000873068048034,0.0,-0.01937136051897563,-0.0020357484370951075,0.7099878372495811,0.009281669034208904,-0.008515124984778123,0.0,0.0,0.0,0.0,0.0,0.6624455622707675,-0.019667436485427382,-0.01999960550850548,0.0,0.0,0.0,0.0,-0.6592927776233072
HIF-1α↑ + RhoA-E↓,0.6476952180136183,-7.297878064057351e-05,-0.009297861884665186,4.131218373816813e-08,0.007909582845764844,0.009841411200533343,-3.9310545890858255e-06,0.010691882415051715,0.010691882415051715,-8.034468884043911e-06,-0.010621633207442529,1.5514573338054045e-06,-5.63457716936111e-06,0.7500004927175791,0.0,-0.0007490398299639867,0.0,-0.0009375080021812244,-0.010000023983329259,-0.010000711467869128,0.00942912863309913,-1.1304685907139733e-05,-0.6275334103756893,0.0,0.76039004867295,-0.0007459722295304561,-0.154076264827664,0.596031811721904,-5.746401369751686e-06,0.007823906550635194,-1.1304685907139733e-05,-1.1304685907139733e-05,0.0,-0.0012013631774061351,-1.3941647952808722e-05,0.0,0.0,0.0,0.0,1.1795568924147618e-05,0.010355345474712419,0.0005652478399075767,-9.979924663324868e-05,-2.1891861325911752e-05,0.00942912863309913,-0.010621528230798805,0.7701760552414878,-0.01030689789136946,0.0,0.7075424990324725,-0.0003173338391541041,-5.8755073813578624e-05,0.009226588485910577,6.258669502234486e-07,-0.00034293991754008824,-0.013664816620822917,-0.013664816620822917,-1.1304685907139733e-05,-0.010001510262798408,-0.010193638654200825,2.8319679402536825e-10,-0.00023251239530436174,9.885590863496694e-08,-0.7222207816735042,-0.0011303503780755897,0.0,0.0,-4.908178736626301e-05,-4.908178736626301e-05,-0.01363564227187398,-0.00499358893414282,-0.01363564227187398,-0.010021111801649569,-0.9815557716976246,0.0,-0.009602377277057934,3.95962619575232e-07,-0.0009342954142392423,-4.2567002243126814e-05,0.0,0.009977260938393618,-0.00023251239530436174,2.4294975520244843e-05,-0.009990322816097017,0.0,-1.800342483115891e-07,0.76039004867295,0.0,0.0,0.0,-0.00993234828417124,0.0,0.0,-9.581922069129556e-06,-0.9999996558403942,-1.004816512894191e-05,0.0,-0.009990322816097017,-2.345335448460384e-06,7.824803943273866e-06,0.008694472400360143,5.382351260558175e-05,0.0,0.0,0.0,0.0,0.0,-0.0002104706425485672,-0.9999897852104206,0.0,-0.9999996558403942,0.0,-0.026651871365236647,0.0,-8.587829175114025e-06,0.009999625920119173,0.00999761478776947,0.009999287749929519,0.00942912863309913,6.258669502234486e-07,6.258669502234486e-07,4.632972631581008e-06,-0.0011303503780755897,0.00999761478776947,-0.14823678360410686,6.842843992111454e-09,-5.746401369751686e-06,0.009879120741760785,0.0,0.009817200549696944,0.010503823750322763,0.010785985377742096,-0.10128200219039027,-0.09537117499493959,-0.9298973567517996,0.0,0.0,0.0,0.0,-0.042534647704886346,0.009922400277204231,0.010000302668153181,0.0,0.0,0.0,0.0,-0.014038637674450826
HIF-1α↑ + PIEZO1↓,0.6733020591345767,-0.0011743605964099069,-0.009297658237609413,4.1163861779908686e-08,3.575890917940409e-05,0.009839695991031457,-0.0007147052029457679,0.010224663333277722,0.010224663333277722,-0.0018217785326208257,-0.010017389518091129,0.0002345549744001156,-0.00010117699400122193,0.7800005100412425,0.0,-0.25881314772909425,0.0,-0.2010219675329919,-0.01000000071832953,-0.010000020207135111,0.009248943268199037,-0.00019126799191943267,-0.008243695765818916,0.0,0.7903411896973127,-0.003380049416730829,-0.00023692834688013642,0.6194285720105852,-0.0038710860918099587,0.007811180882806111,-0.00019126799191943267,-0.00019126799191943267,0.0,-0.19887136332475755,-0.015183576186317192,0.0,0.0,0.0,0.0,0.0006577939948030372,0.010648354291318387,-0.00027670028921065424,-0.004200160368386343,0.00043895445768476197,0.009248943268199037,-0.010017386497873008,0.7989032848894745,-0.010029803781984028,0.0,0.7354240816135129,0.00045904964779330685,6.501121447113775e-05,0.009080379305626081,0.0002565657977434324,-0.198932860032675,-0.00012215948959524493,-0.00012215948959524493,-0.00019126799191943267,-0.009999459798903383,-0.010004341934122567,1.1625729232337997e-07,-0.031092827298536754,0.0,-2.8215969584901614e-06,-0.20103256380038462,0.0,0.0,-0.21913020834692293,-0.21913020834692293,-0.00039512855577616523,-0.0011481645277587437,-0.00039512855577616523,-0.010000591483503168,-7.399304297650566e-07,0.0,-5.672042076211295e-06,3.773525032577464e-10,-0.012712878182254243,-0.21912981331413323,0.0,0.009976694426335097,-0.031092827298536754,0.0,-0.009987306988909726,0.0,-0.0001325541627221849,0.7903411896973127,0.0,0.0,-0.9826345854560262,-0.009912454453066018,0.0,0.0,-0.016926957778074556,0.0,-0.007136552774396925,0.0,-0.009987306988909726,-0.0009606990835131324,0.00016099325800383245,0.008435613777778775,0.0,0.0,0.0,0.0,0.0,0.0,-1.295734557818246e-05,0.0,0.0,0.0,0.0,-0.0104959437591467,0.0,-0.0019209959809607035,0.009996285311081187,0.009954335408639561,0.009999204828998728,0.009248943268199037,0.0002565657977434324,0.0002565657977434324,0.0017638497660522861,-0.20103256380038462,0.009954335408639561,0.0,1.9237690810567255e-06,-0.0038710860918099587,0.008762538920882617,0.0,5.492795649093721e-06,0.010427795809617226,0.010186159889977509,-0.00026355247176543695,-0.00030103189168455556,0.0,0.0,0.0,0.0,0.0,0.008798271907805171,0.009898121854202179,0.009999850499024071,0.0,0.0,0.0,0.0,-0.00943632581649803
HIF-1α↑ + PI3K-E↓,0.589919953406086,-6.828460787811075e-08,-0.6416537347049102,1.2898636900711254e-07,-0.008255057853520788,6.566031056038755e-10,-1.1012864383763699e-07,0.00026316463664068193,0.00026316463664068193,-1.8968915058703574e-08,-1.9271338797038478e-07,-1.6808997993827623e-07,-3.467603113538331e-09,0.6899999746932906,0.0,-0.0006386092128671428,0.0,-0.0006274969697047483,-4.884234242313412e-10,-1.4496991992208114e-08,0.004178174803884928,-2.2408390232264706e-09,1.3949742209661649e-07,0.0,0.6905040471194048,-1.3640353841859464e-06,4.255427359277641e-06,0.5395933964683189,-1.2277760634060718e-07,4.871799164854581e-09,-2.2408390232264706e-09,-2.2408390232264706e-09,0.0,-1.2750040464939438e-05,-1.2629613047265842e-07,0.0,0.0,0.0,0.0,1.855386041855193e-09,0.009432850175490889,0.030747528388872004,0.007459658303944388,1.900465638105646e-10,0.004178174803884928,-2.3112301168083046e-07,0.7031458094731867,-1.921398078682883e-05,0.0,0.6417840845641791,0.00031018071134598235,5.506530655198841e-05,3.8178938123763364e-05,1.4342334403697537e-07,-3.0686642297217404e-06,-7.097239307363168e-10,-7.097239307363168e-10,-2.2408390232264706e-09,5.031557387424369e-09,-0.04945654111569107,6.451077796588423e-10,-4.211890417993302e-08,0.0,0.009767010160006535,-1.0449528685314568e-05,0.0,0.0,-4.365242629889021e-07,-4.365242629889021e-07,-1.593128739585392e-07,6.309217156541536e-07,-1.593128739585392e-07,1.5917227978097534e-08,0.0006766039157728665,0.0,0.008744973148806276,-3.795068452937674e-07,-7.263738169949185e-08,-2.1574707694580476e-05,0.0,-4.522040422778937e-08,-4.211890417993302e-08,-1.1102230246251566e-18,-0.690299731297968,0.0,-7.22514986961631e-08,0.6905040471194048,-0.9999897852104206,0.0,0.0,-0.6920894412865788,0.0,0.0,-7.4982329767436795e-06,0.0,-6.224305112259021e-06,0.0,-0.690299731297968,-3.492227032730888e-07,-3.4818222876095245e-09,0.0035719160526007983,0.0,0.0,0.0,0.0,0.0,0.0,-0.017768313011691073,0.0,0.0,0.0,0.0,-6.184703787107642e-06,0.0,-3.830116147340856e-07,-2.4146370369442787e-07,9.275198104531623e-10,-6.100489457886449e-09,0.004178174803884928,1.4342334403697537e-07,1.4342334403697537e-07,1.0599403835991753e-06,-1.0449528685314568e-05,9.275198104531623e-10,0.0,8.483819277975192e-10,-1.2277760634060718e-07,6.755252164182171e-09,0.0,-0.009870578226419091,0.009824632242677262,0.00015460127045204483,-2.1658602570751028e-07,-0.006935684307771487,0.0,0.0,0.0,0.0,0.0,-2.4059937634886284e-07,-1.7886004920072608e-06,-3.2549209072113764e-08,0.0,0.0,0.0,0.0,-1.678123580334399e-06
HIF-1α↑ + FAK-E↓,0.6067813408471693,-0.002201243918829806,-0.6602465469066371,3.0152278146241335e-06,0.5868642405431563,-0.2853498380175766,-0.019007108698684997,0.04941329724692408,0.04941329724692408,-0.0032210403251291776,-0.05054001207694374,-2.4220175402265217e-05,-0.0015729518629491357,0.6600004930990407,0.0,-0.0044047924246432444,0.0,-0.005336127572221991,-0.05000003333639024,-0.05000098933991882,0.6787150753865313,-0.0005770378098771911,-0.5862326720206849,0.0,0.7104714747604821,-0.04451507450674088,-0.1641638127630323,0.5599447965846368,-0.0002658947780271681,-0.22651432593415335,-0.0005770378098771911,-0.0005770378098771911,0.0,-0.00521664519225296,-0.08022279575250056,-0.9999999996093435,0.0,-0.9996970843171059,0.0,0.0003263022756097521,0.009362808047138507,0.9733781794799965,0.07060632130577141,-0.0005623998070772389,0.6787150753865313,-0.05054045843036786,0.7222972980679943,-0.050269426945195546,0.0,0.6638803841953106,-0.023886205104988095,-0.00443751769647134,0.005882623116008045,4.5500021051774915e-05,-0.0015122784215202067,-0.015429104824946971,-0.015429104824946971,-0.0005770378098771911,-0.05011227346746855,-0.1015199327468243,1.4715690489073991e-08,-0.05861202263894201,9.885590863496694e-08,-0.7026580372234347,-0.004858695386721366,-0.999999988404814,0.0,-0.00021874860328829681,-0.00021874860328829681,-0.01533479259041496,-0.00687229208622604,-0.01533479259041496,-0.05001824057564326,-0.9801990896971023,0.0,-0.6873979642602296,2.854631762281985e-05,-0.02278992960576477,-0.00023516499315717198,0.0,0.049936595521157895,-0.05861202263894201,-0.8457658532051978,-0.7102803747836353,0.0,-0.00032420846057377604,0.7104714747604821,-0.9999897852104206,0.0,0.0,-0.7119540743595543,0.0,0.0,-5.565642762363043e-05,-0.9999996558403942,-0.02723469313402206,0.0,-0.7102803747836353,-0.1923461045617713,0.00045894477928731564,0.6389134315363032,5.382351260558175e-05,-0.9999825184300413,-0.9999996558403942,0.0,-0.9999897852104206,0.0,-0.018536960211588863,-0.9999897852104206,0.0,-0.9999996558403942,0.0,-0.06444681687340713,0.0,-0.17707893355356408,0.050073271292461904,0.043264006081357255,0.049999430008998764,0.6787150753865313,4.5500021051774915e-05,4.5500021051774915e-05,0.0003340737928476131,-0.004858695386721366,0.043264006081357255,-0.14823678360410686,0.0004468005846931492,-0.0002658947780271681,-0.029570297356134673,0.0,0.7018102154986664,0.008575778103870148,0.05069729647771773,-0.1696152664104304,-0.9939011875778369,-0.9298973567517996,0.0,0.0,0.0,0.0,-0.32168915787120317,0.05032429262936526,0.0500108711836277,0.0,0.0,0.0,0.0,-0.050621191151953425
HIF-1α↑ + ROS↓,0.6890758694088072,-0.005570919963472204,-0.046489496017142556,2.0656017272393416e-07,0.03275348648458071,0.797010435678667,-0.00015403408327350321,0.8099693578076151,0.8099693578076151,-0.0003870104053526702,-0.8098388556631462,0.00010063573860473526,-0.00036276924623299345,0.7600036268242473,0.0,-0.004411048309105596,0.0,-0.00533569940953226,-0.8099999939555593,-0.8099998171594336,0.04714501567516428,-0.0007348360372919027,-0.668392302399061,0.0,0.8103086182128943,-0.06003988886386067,-4.765935000146215e-05,0.7870950684968859,-0.0003551072396166988,0.6326691512492657,-0.0007348360372919027,-0.0007348360372919027,0.0,-0.058436192071129024,-0.0007113519660170787,0.0,0.0,0.0,0.0,0.002196028471363408,0.010666366864103658,0.002823064275966167,-0.01771975660604784,0.0015720181966166864,0.04714501567516428,-0.809838882654274,0.8180547799727319,-0.8099464856506071,0.0,0.7568150231783852,0.0005596583415861987,0.00021675128222034166,0.7540171717315398,3.125768412988042e-05,-0.01736260116430426,-0.00039495193898985483,-0.00039495193898985483,-0.0007348360372919027,-0.05068546525957038,-0.10323986171933727,1.415990040498839e-09,-0.01102451995320555,0.0,-0.03892886182613507,-0.05812379868859474,0.0,0.0,-0.0024586534115233673,-0.0024586534115233673,-0.0004239678672629155,-0.0014530237056961037,-0.0004239678672629155,-0.8099945476886521,-0.0027079753318882426,0.0,-0.023091030525495434,1.2715948392399236e-06,-0.0597614329357934,-0.00023473023964372785,0.0,0.049883328910651704,-0.01102451995320555,-6.661338147750939e-18,-0.04995160611383285,0.0,-5.795153620899995e-06,0.8103086182128943,0.0,0.0,0.0,-0.04966150518470794,0.0,0.0,-5.57069784292108e-05,0.0,-0.00015360624605823992,0.0,-0.04995160611383285,-2.457278475730962e-05,3.884160827200583e-05,0.04347061112486962,0.0,0.0,0.0,0.0,0.0,0.0,0.59484462149631,0.0,0.0,0.0,0.0,-0.8052984736869372,0.0,-0.000413619555230782,0.04998228507969417,0.8096022557747103,0.0499960373014818,0.04714501567516428,3.125768412988042e-05,3.125768412988042e-05,0.00023135515931540105,-0.05812379868859474,0.8096022557747103,0.0,3.953687239295162e-08,-0.0003551072396166988,0.7986920249869679,0.0,0.039503722195208126,-0.0016160597281684207,0.8100105336104372,0.010590304183318598,-0.0016677680417611117,0.0,0.0,0.0,0.0,0.0,0.7557501808735738,0.04949555595045477,0.049999375169005156,0.0,0.0,0.0,0.0,-0.7521508792100359
NRF2↑ + RhoA-E↓,0.6638424774053786,-0.00554258519153747,-0.018595964824576906,8.262408767064265e-08,0.007816809355899223,0.7773311681888871,-0.00019520730643946105,0.7897559903025139,0.7897559903025139,-0.0003773971615417304,-0.789842842726374,9.927530626008336e-05,-0.00035409094632902317,-1.689724185795024e-05,0.0,-0.0021797012178200593,0.0,-0.0025385238658016253,-0.7899999941248513,-0.7899998218227654,0.7350803466199273,-0.0007172895348332397,-0.6522870321278392,0.0,0.789646508027531,-0.05855550936813904,-0.15506981962902372,0.7667991825212052,-0.0003458611744483453,0.6170477086933002,-0.0007172895348332397,-0.0007172895348332397,0.0,-0.0561206267633839,-0.0006846992716921107,0.0,0.0,0.0,0.0,0.0020627878090435487,0.010226157619279964,0.0011271215081664527,-0.017807089001124828,0.0013672391956646294,0.7350803466199273,-0.7898428690524316,0.7799732153889363,-0.7899472696785697,0.0,0.7898911336301208,0.0015695809980198544,0.0004071605153437606,0.7356651303702955,3.02902907555943e-05,-0.01669287819282742,-0.015623645930297667,-0.015623645930297667,-0.0007172895348332397,-0.79001581115628,-0.0739455830084172,5.664112811591859e-10,-0.010751204123524588,9.885590863496694e-08,-0.7711040712004008,-0.05602210254027794,0.0,0.0,-0.0023607342733967997,-0.0023607342733967997,-0.015501981501210649,-0.009291331500911958,-0.015501981501210649,-0.7899946834173781,-0.9849412556666348,0.0,0.006021545912985511,7.202361531349833e-08,-0.05828554633372557,-0.00010754736972967249,0.0,0.7904898137744396,-0.010751204123524588,2.4294975520247066e-05,-0.019980830593817975,0.0,-5.394937906367803e-06,0.789646508027531,0.0,0.0,0.0,-0.01987017752443134,0.0,0.0,-2.7145840508100428e-05,-0.9999996558403942,-0.00012775372112187378,0.0,-0.019980830593817975,-0.00026519635206536106,0.0004723157815078415,0.017429561862888864,5.382351260558175e-05,0.0,0.0,0.0,0.0,0.0,0.6034685518424491,-0.9999897852104206,0.0,-0.9999996558403942,0.0,-0.7854146215173401,0.0,-0.0004028504505978103,0.0199927551509839,0.7896120779572972,0.7900166121121005,0.7350803466199273,3.02902907555943e-05,3.02902907555943e-05,0.0002241987209788566,-0.05602210254027794,0.7896120779572972,-0.14823678360410686,2.6738103443633305e-08,-0.0003458611744483453,0.7789712707730914,0.0,0.009878442083718022,-0.0022123386301377123,0.789988163279418,-0.011046809559713459,-0.11135397683188093,-0.9298973567517996,0.0,0.0,0.0,0.0,0.5983384264957418,0.019797104751901388,0.019999728358667576,0.0,0.0,0.0,0.0,-0.7335792588150764
NRF2↑ + PIEZO1↓,0.7041917654632946,-0.006847970288269279,-0.027893460265047715,1.2380865071899473e-07,0.024380479347248723,0.8265293369134785,-0.0008186452527297961,0.8396646164330008,0.8396646164330008,-0.001971917977966522,-0.8398328751181942,0.00030739740481474867,-0.000459927563637651,-1.3068032416067581e-05,0.0,-0.25224833841084215,0.0,-0.17682894855152648,-0.8399999937016241,-0.8399998101645206,0.7815362102476988,-0.0009200627492904978,-0.6931352643316644,0.0,0.8394014802399522,-0.06449787204127067,-0.0002937603383489318,0.8151120646894564,-0.003707185875301274,0.6561013150842657,-0.0009200627492904978,-0.0009200627492904978,0.0,-0.23110223074517425,-0.014156807012957911,0.0,0.0,0.0,0.0,0.00282241771694959,0.010740917014697631,0.0009665879203487021,-0.022363438214673882,0.0019929144069381908,0.7815362102476988,-0.839832903106946,0.8245509167276495,-0.8399437606655681,0.0,0.8398215381134402,0.0013771058223819826,0.00036108425931518024,0.7819398155293333,0.00024864351533458013,-0.19802133960246288,-0.0005803823616686731,-0.0005803823616686731,-0.0009200627492904978,-0.8400118734639319,-0.08674616627426118,1.0100902602904429e-07,-0.038205062289172885,0.0,-0.02913669701938524,-0.2559809625300121,0.0,0.0,-0.19308159542737335,-0.19308159542737335,-0.0007708923981916338,-0.002471857286983834,-0.0007708923981916338,-0.8399943440972555,-0.0020298727464812183,0.0,-0.012439846366666969,8.519497799983338e-07,-0.0723227021727915,-0.1893807411705602,0.0,0.8403732244945193,-0.038205062289172885,1.1102230246251566e-18,-0.02996855922106202,0.0,-0.00012351796471519072,0.8394014802399522,0.0,0.0,-0.9826345854560262,-0.029785653696856533,0.0,0.0,-0.015010129436506797,0.0,-0.006591697813586722,0.0,-0.02996855922106202,-0.0011289295810269296,0.0006362474306853917,0.025902761932755453,0.0,0.0,0.0,0.0,0.0,0.0,0.6343242647794738,0.0,0.0,0.0,0.0,-0.835124253371581,0.0,-0.0020690730736408814,0.029989516849710993,0.8395522157116786,0.8400126613011291,0.7815362102476988,0.00024864351533458013,0.00024864351533458013,0.0017283652092012394,-0.2559809625300121,0.8395522157116786,0.0,1.6734329893098053e-06,-0.003707185875301274,0.8273233465349237,0.0,0.029625090085857737,-0.002978450615251419,0.839979795954581,0.010648058839084635,-0.0014986831031638282,0.0,0.0,0.0,0.0,0.0,0.7832886815145048,0.02969866936087577,0.029999643497376657,0.0,0.0,0.0,0.0,-0.7800083101905437
NRF2↑ + PI3K-E↓,0.5880886691161122,-0.004911959291854908,-0.6509514498927613,2.0997987462073094e-07,0.016155893927139023,0.688774464485019,-0.00017423039153231624,0.6997805082968679,0.6997805082968679,-0.00033538316588445973,-0.6998607845607894,6.156752529685215e-05,-0.0003138315767107647,-2.3792267651104268e-05,0.0,-0.05230096382711794,0.0,-0.06551625730468831,-0.6999999948866684,-0.6999998428078439,0.6587012279565613,-0.0006356901847882268,-0.5776229202684453,0.0,0.6996765749177262,-0.05189526722308523,-7.707794496210952e-05,0.6794290866940662,-0.00032444063255301805,0.5467512171925072,-0.0006356901847882268,-0.0006356901847882268,0.0,-0.07044544096863996,-0.0008224155163213176,0.0,0.0,0.0,0.0,0.001898127939636484,0.009059253303918276,0.03110562463125329,-0.005812827124005601,0.0013587572515601765,0.6587012279565613,-0.6998608078940485,0.6908404232407005,-0.6999532694888743,0.0,0.699903638542066,0.00041992674818335516,0.00014226686897683406,0.651653845099097,2.8002604422031865e-05,-0.020511928189218636,-0.00039995368839661595,-0.00039995368839661595,-0.0006356901847882268,-0.700022916195122,-0.6999810649211489,1.4398675248601026e-09,-0.009552674440467224,0.0,-0.019390332388276844,-0.0654602819752592,0.0,0.0,-0.002975060468967139,-0.002975060468967139,-0.00036782917632349754,-0.0012602327021245397,-0.00036782917632349754,-0.6999952941983377,-0.0013528056046065962,0.0,-0.019881790450291113,8.097219938484435e-07,-0.05165291936830096,-0.0029772250138647037,0.0,0.7006998019252983,-0.009552674440467224,1.1102230246251566e-18,-0.7002900532573548,0.0,-1.0958258602282723e-05,0.6996765749177262,-0.9999897852104206,0.0,0.0,-0.7020217642502773,0.0,0.0,-0.0006692565210635437,0.0,-0.0006367372095050094,0.0,-0.7002900532573548,-0.00026802681760909055,0.0004190478689407856,0.020919712013750563,0.0,0.0,0.0,0.0,0.0,0.0,-0.01827591672424664,0.0,0.0,0.0,0.0,-0.6959372881844026,0.0,-0.0003608653869779577,0.019993005373478808,0.6996562428676366,0.7000237407479467,0.6587012279565613,2.8002604422031865e-05,2.8002604422031865e-05,0.00020724349203540013,-0.0654602819752592,0.6996562428676366,0.0,3.4521534384729723e-07,-0.00032444063255301805,0.6902269234091485,0.0,0.019749215394407667,-0.001970403856769911,0.6999892048788949,0.009150930094250822,-0.008581879985202698,0.0,0.0,0.0,0.0,0.0,0.6531153235505616,0.019798999182301543,0.019999761887398323,0.0,0.0,0.0,0.0,-0.6500069674258274
NRF2↑ + FAK-E↓,0.6046760777105377,-0.010265060100271372,-0.6788445031723336,9.692855575099284e-07,0.034916679033120665,-0.26567036600287147,-0.02783616808698968,0.7255256969971521,0.7255256969971521,-0.008770355071522245,-0.7298548039160575,-2.029154837537646e-05,-0.002869319701881604,-2.1493342672966008e-05,0.0,-0.05454122230792558,0.0,-0.06832210676773257,-0.7299999946327275,-0.729999835812761,0.7449047402597977,-0.0018938052449098109,-0.6026681139170983,0.0,0.7288788291200872,-0.17003415599814573,-0.1705746618988563,0.6921786927951851,-0.0008868688666189339,-0.21089136576855477,-0.0018938052449098109,-0.0018938052449098109,0.0,-0.07346370035040223,-0.10037578161415628,-0.9999999996093435,0.0,-0.9996970843171059,0.0,0.0025234739672135792,0.008603034102363063,0.9469951035659221,0.06891993531493446,-0.000522360931088216,0.7449047402597977,-0.7298548282469042,0.7017002745385525,-0.7299506600630175,0.0,0.7296697125593415,-0.0020712677135621936,-0.0004884498923767004,0.5773125029755096,0.0001373109789969295,-0.021390827751825704,-0.01914923709268501,-0.01914923709268501,-0.0018938052449098109,-0.7300205437553616,-0.729976025636853,6.645089362999671e-09,-0.15245499808853316,9.885590863496694e-08,-0.7124379262872607,-0.06826524066652577,-0.999999988404814,0.0,-0.003102534111603713,-0.003102534111603713,-0.01898363227083775,-0.012320282781447563,-0.01898363227083775,-0.7299950906035562,-0.9808770787589726,0.0,-0.2810496427473054,7.892499997600026e-06,-0.10919870145220557,-0.0031047008472064696,0.0,0.7306297755304878,-0.15245499808853313,-0.8457658532051979,-0.7302610174030899,0.0,-0.000437423815951844,0.7288788291200872,-0.9999897852104206,0.0,0.0,-0.7318186817236868,0.0,0.0,-0.0006979220113880136,-0.9999996558403942,-0.035884510493600155,0.0,-0.7302610174030899,-0.19450792354264962,0.0012958498653398859,0.6401581202537201,5.382351260558175e-05,-0.9999825184300413,-0.9999996558403942,0.0,-0.9999897852104206,0.0,-0.018812350984811405,-0.9999897852104206,0.0,-0.9999996558403942,0.0,-0.7257630650085494,0.0,-0.23480481619999355,0.04998959701074297,0.7098974852056643,0.7300213604464508,0.7449047402597977,0.0001373109789969295,0.0001373109789969295,0.0010085444329696578,-0.06826524066652577,0.7098974852056643,-0.14823678360410686,0.0006538135653925206,-0.0008868688666189339,0.48779755220812554,0.0,0.0400894182020442,-0.004976718162362037,0.729962092627572,-0.2185363372138594,-0.9935116078706101,-0.9298973567517996,0.0,0.0,0.0,0.0,-0.30302629120162056,0.04969922647478403,0.04999962754929437,0.0,0.0,0.0,0.0,-0.6778643976301981
NRF2↑ + ROS↓,0.5796249287311313,-0.004841601616762733,-0.027893806142524458,1.2393614056743913e-07,0.016201633643016095,0.6789348307399878,-0.0001707632937073411,0.6897821961230174,0.6897821961230174,-0.0003296507655586978,-0.6898627780425132,8.622433177138271e-05,-0.0003092728263453348,-2.4557409882976473e-05,0.0,-0.0028284364253287207,0.0,-0.0033784014613893808,-0.6899999949713118,-0.689999845139425,0.6422623907055044,-0.0006264999846710761,-0.5693712297982082,0.0,0.6896760696995493,-0.05114358349561824,-7.546501444660514e-05,0.6697167408467684,-0.000302413306926127,0.5389404959134727,-0.0006264999846710761,-0.0006264999846710761,0.0,-0.0493970802829154,-0.0006019896427070449,0.0,0.0,0.0,0.0,0.001870689327922062,0.008928866600088473,0.0016928045479738685,-0.015324431424877293,0.0013391256950394453,0.6422623907055044,-0.6898628010432194,0.6808601811959225,-0.6899539329206693,0.0,0.6899040113858506,0.000972483712536104,0.000279108886234454,0.6424332376522801,2.647427389061136e-05,-0.014684902878614854,-0.0003944614501841404,-0.0003944614501841404,-0.0006264999846710761,-0.6900236988214158,-0.07623694748073005,8.496157521276671e-10,-0.009390784105405541,0.0,-0.019397727970764254,-0.049221202689090575,0.0,0.0,-0.0020781260395085223,-0.0020781260395085223,-0.00036125873882482786,-0.0012355860282568997,-0.00036125873882482786,-0.6899953620610083,-0.0013535265359077952,0.0,-0.005853284487714752,5.171501827114991e-07,-0.05090785621250304,-0.00014681697757244373,0.0,0.6907230833678529,-0.009390784105405541,0.0,-0.029971125502102337,0.0,-4.82546453116739e-06,0.6896760696995493,0.0,0.0,0.0,-0.029801693448013554,0.0,0.0,-3.5553217647766864e-05,0.0,-0.00012119291812081934,0.0,-0.029971125502102337,-0.00023574467187032267,0.00041488379834043256,0.026117874597578705,0.0,0.0,0.0,0.0,0.0,0.0,0.5169583587415478,0.0,0.0,0.0,0.0,-0.6859953606693553,0.0,-0.00035192034221317894,0.029989271147816167,0.6896611820204716,0.6900245260026843,0.6422623907055044,2.647427389061136e-05,2.647427389061136e-05,0.0001959534750878006,-0.049221202689090575,0.6896611820204716,0.0,3.1453458056084074e-08,-0.000302413306926127,0.6803673126427201,0.0,0.019753658730574088,-0.0019463179640765926,0.6899891892166936,0.00902154541872177,-0.001221668436664637,0.0,0.0,0.0,0.0,0.0,0.6437875339015544,0.029696680848901903,0.029999611205584423,0.0,0.0,0.0,0.0,-0.640721156840279
IκBα↑ + RhoA-E↓,0.036327927069960395,-0.11420896676758091,-0.01860794335167049,9.177122621225167e-08,0.017139385588163955,0.019681021753989742,-0.09248748385139927,0.019986309427635036,0.019986309427635036,-1.2789323512534257e-05,-0.020611324376630106,6.832058085548159e-06,-0.0249507066060496,3.752542631424714e-06,0.0,-0.0014992626788952069,0.0,-0.0018785121328602427,-0.020000023581788557,-0.020000699646987766,0.018862012190673728,-0.16167299916883116,-0.6275237578114763,0.0,0.01996917752994658,-0.003588691952336469,-0.25215048539797386,0.0221962073723359,-0.024268856101693465,0.015634455635359947,-0.16167299916883116,-0.16167299916883116,0.0,-0.0022071303363987594,-2.567694013409172e-05,0.0,0.0,0.0,0.0,0.8848790331953303,-0.2103288387776348,0.0011399172620570424,-0.9266940143396724,0.19720057846996242,0.018862012190673728,-0.02061122113372467,0.019152528840955987,-0.07770384246508041,0.0,0.019991173780297244,-0.0006523943998424438,-0.00012109335715647517,0.018446756714088134,0.000155626010236558,-0.0006357283034426753,-0.25601686527420126,-0.25601686527420126,-0.16167299916883116,-0.07188527983701867,-0.02020157152558076,0.9999999932033593,-0.0003676995983041409,9.885590863496694e-08,-0.7515461003365442,-0.0020640167457286075,0.0,0.0,-9.156232494612726e-05,-9.156232494612726e-05,-0.238963859942146,-0.016537897746769493,-0.238963859942146,-0.020020761701483317,-0.98358586426869,0.0,-0.01954805900343496,8.194758432870876e-07,-0.982224644294075,-8.540330745788638e-05,0.0,0.019962231389905247,-0.0003676995983041409,2.4294975520248173e-05,-0.020100582142537383,0.0,-0.0003010196265920362,0.01996917752994658,0.0,0.0,0.0,-0.02069037464158192,0.0,0.0,-1.9185655901665656e-05,-0.9999996558403942,-1.9165402485281645e-05,0.0,-0.020100582142537383,-0.10320231102122872,0.10145915961860251,0.03180248010995115,5.382351260558175e-05,0.0,0.0,0.0,0.0,0.0,-0.00047475524459984905,-0.9999897852104206,0.0,-0.9999996558403942,0.0,-0.03637096232293295,0.0,-0.00042433479650234916,0.01999494586837724,0.01999267024610194,0.01999872278460593,0.018862012190673728,0.000155626010236558,0.000155626010236558,0.0011066309437821307,-0.0020640167457286075,0.01999267024610194,-0.14823678360410686,0.06443698697448257,-0.024268856101693465,0.019739254317489206,0.0,0.019897851444008487,-0.1747886646360962,0.019998882778906067,-0.7943644545758258,-0.9949841104836716,-0.9298973567517996,0.0,0.0,0.0,0.0,-0.03586979765225369,0.019850783883019883,0.019999839859552438,0.0,0.0,0.0,0.0,-0.023261063632130874
IκBα↑ + PIEZO1↓,0.0451876872425319,-0.0709257646700821,-0.03719898530741756,1.7067390285901126e-07,0.03352144649732777,0.0393585977409501,-0.04951126661886934,0.03989249154634623,0.03989249154634623,-0.0017535868812133249,-0.04001165656587785,0.0002620990192018053,-0.020230955885406646,2.776558099071251e-06,0.0,-0.25250229599630925,0.0,-0.19477265313188843,-0.04000000047248557,-0.04000001348484119,0.037546624857865626,-0.11673995034604054,-0.032956659120591515,0.0,0.0396997595676713,-0.013108479026333488,-0.04967581748600297,0.040371279542811875,-0.08628235579897998,0.03124334859840334,-0.11673995034604054,-0.11673995034604054,0.0,-0.19289664568912282,-0.01452965579106698,0.0,0.0,0.0,0.0,0.8872527804672887,-0.1679014888988946,0.00146370328521434,-0.9276001451813022,0.18060591013840344,0.037546624857865626,-0.040011654491518514,0.03329126000946144,-0.09671733751418249,0.0,0.03991459467549121,-0.0008983644319479092,-0.00018689454594042465,0.0367095693212178,0.0010610070254600161,-0.19079286841167506,-0.0694137011263738,-0.0694137011263738,-0.11673995034604054,-0.09538526936868666,-0.04000722934107373,0.999999995185713,-0.030095313107639604,0.0,-0.03913282599527952,-0.19478202985917595,0.0,0.0,-0.20930050420686705,-0.20930050420686705,-0.027440980634416877,-0.006524709582256815,-0.027440980634416877,-0.04000039622422755,-0.002715138935895395,0.0,-0.03870098580828712,1.6060414476671385e-06,-0.9873898661445211,-0.20930020314505374,0.0,0.03991144973545177,-0.030095313107639594,-1.1102230246251566e-17,-0.04003524547298697,0.0,-0.004461743213126981,0.0396997595676713,0.0,0.0,-0.9826345854560262,-0.04023532182673004,0.0,0.0,-0.01622730924201401,0.0,-0.006872232278929758,0.0,-0.04003524547298697,-0.05626988562052655,0.05559847643612551,0.043272741848157034,0.0,0.0,0.0,0.0,0.0,0.0,-0.001042870559420131,0.0,0.0,0.0,0.0,-0.04032881944632912,0.0,-0.004308524418689159,0.03998702291014088,0.03994145977419697,0.039996996999968594,0.037546624857865626,0.0010610070254600161,0.0010610070254600161,0.006048462687906463,-0.19478202985917595,0.03994145977419697,0.0,0.035290137044405846,-0.08628235579897998,0.03839362353240083,0.0,0.039579678816323426,-0.1759298796586856,0.039989778213017975,-0.12346637086555551,-0.10702503891508655,0.0,0.0,0.0,0.0,0.0,0.035277186598124344,0.03962538888409848,0.03999956257155722,0.0,0.0,0.0,0.0,-0.03729568578837994
IκBα↑ + PI3K-E↓,0.02254086838425814,-0.07641055421758014,-0.7067391069373444,1.7806388858037024e-07,-0.007890337069910155,0.009839634704660021,-0.05623844604539686,0.009993088153294336,0.009993088153294336,-4.8166991332954105e-06,-0.009998216694763334,3.6328579579248793e-06,-0.020506830636790426,5.820844655101069e-07,0.0,-0.0014384417415329864,0.0,-0.001613317593446838,-0.010000000448213177,-0.010000013440545028,0.013972204060170142,-0.12516700298321953,-0.00824323103683278,0.0,0.009983233933311693,-0.00273828059315663,-0.05777213662302602,0.011628539330155592,-0.01997076904267618,0.007810728323122419,-0.12516700298321953,-0.12516700298321953,0.0,-0.0010183506512006534,-1.1871268778336219e-05,0.0,0.0,0.0,0.0,0.8920352428455527,-0.17323222394135332,0.03398829845607592,-0.9222372846460763,0.21372044932683912,0.013972204060170142,-0.00999825877438001,0.009564677645377054,-0.06370376639672165,0.0,0.009994620701171013,0.00032107102989510487,5.6209589897543366e-05,0.0093023594776648,0.0001492538114801653,-0.0002959620528174667,-0.07965969515860186,-0.07965969515860186,-0.12516700298321953,-0.06258461689148428,-0.06374687431006727,0.9999999932033578,-0.0001365097908288282,0.0,0.009737820175598957,-0.0009454493993072266,0.0,0.0,-4.291193828454887e-05,-4.291193828454887e-05,-0.023968854514830502,-0.0025459246935787805,-0.023968854514830502,-0.00999991494165035,0.0006692645244462803,0.0,0.0084897830523376,-3.6343829982948264e-07,-0.982224644261328,-6.570082943426647e-05,0.0,0.009982156102074275,-0.0001365097908288282,7.771561172376097e-18,-0.7602319815488251,0.0,-0.00024326274661789381,0.009983233933311693,-0.9999897852104206,0.0,0.0,-0.7616155991970963,0.0,0.0,-1.7671150971040327e-05,0.0,-1.5830663012871282e-05,0.0,-0.7602319815488251,-0.06560572931466815,0.06553784139671642,0.02283284742474649,0.0,0.0,0.0,0.0,0.0,0.0,-0.019349042453948823,0.0,0.0,0.0,0.0,-0.009948653206205851,0.0,-0.00040052152865101,0.009997172966077104,0.009995090142869409,0.009999386742820512,0.013972204060170142,0.0001492538114801653,0.0001492538114801653,0.0010612059389079095,-0.0009454493993072266,0.009995090142869409,0.0,0.038665706918869294,-0.01997076904267618,0.009860390624820001,0.0,-0.00977318312890309,-0.17223821166433445,0.009999429955657684,-0.1158887305457713,-0.16407839033761693,0.0,0.0,0.0,0.0,0.0,0.009014812935979137,0.00992800931275403,0.009999855731803753,0.0,0.0,0.0,0.0,-0.009287634500599795
IκBα↑ + FAK-E↓,0.04947612270952837,-0.15361828091565038,-0.72533156669692,3.3107473401909836e-06,0.6452255754180838,-0.2164724296931035,-0.1474788374506385,0.028822890511640574,0.028822890511640574,-0.0024991322870844125,-0.03061956815557479,0.00017202416055489794,-0.05533765908927231,2.7153909126378323e-06,0.0,-0.002998944785150297,0.0,-0.003549203847164595,-0.030000038706729213,-0.03000114850999414,0.7382289146361184,-0.19681952158570526,-0.6439127811329939,0.0,0.029660764282714004,-0.03746620493409799,-0.3158498085596673,0.03206146439202792,-0.029911312890823837,-0.17183948393500148,-0.19681952158570526,-0.19681952158570526,0.0,-0.003227344409087697,-0.07756013504389764,-0.9999999996093435,0.0,-0.9996970843171059,0.0,0.7301116880301334,-0.28697840618511494,0.9777366455831636,-0.0016030036183240614,-0.00039648342923836793,0.7382289146361184,-0.030619497744510303,0.022527675885832963,-0.08849398923931867,0.0,0.02990829124402299,-0.0265438222992001,-0.004917710029351065,-0.0030881028950142638,0.00015971360841875008,-0.000932275242109204,-0.32986296930124154,-0.32986296930124154,-0.19681952158570526,-0.08724613288760986,-0.08853646110606393,0.999999993769746,-0.0468078682233279,9.885590863496694e-08,-0.7711019361531118,-0.00301236002214321,-0.999999988404814,0.0,-0.00013453885540683607,-0.00013453885540683607,-0.2756622674735172,-0.02313853734235624,-0.2756622674735172,-0.03002143960597827,-0.984940635810367,0.0,-0.7556249512795428,3.139821560125242e-05,-0.9837004219656315,-0.00015289782157952957,0.0,0.029993987250790992,-0.0468078682233279,-0.8457658532051978,-0.7802126254675986,0.0,-0.0007158794868802931,0.029660764282714004,-0.9999897852104206,0.0,0.0,-0.7814802451244934,0.0,0.0,-3.756697511455576e-05,-0.9999996558403942,-0.026121306170969402,0.0,-0.7802126254675986,-0.35300809405069455,0.15032593153286758,0.69696237272644,5.382351260558175e-05,-0.9999825184300413,-0.9999996558403942,0.0,-0.9999897852104206,0.0,-0.020364275322904614,-0.9999897852104206,0.0,-0.9999996558403942,0.0,-0.046572542672534356,0.0,-0.17130525578220585,0.030093249272155252,0.02505099616034139,0.030001593663798554,0.7382289146361184,0.00015971360841875008,0.00015971360841875008,0.001133156818762868,-0.00301236002214321,0.02505099616034139,-0.14823678360410686,0.12491228070246589,-0.029911312890823837,-0.02840859341718298,0.0,0.7711795819096158,-0.1784180283227988,0.02998837002531329,-0.988756106773166,-0.9953219247863039,-0.9298973567517996,0.0,0.0,0.0,0.0,-0.2563779342420211,0.030655285168221042,0.030012694118356144,0.0,0.0,0.0,0.0,-0.032621222374467546
IκBα↑ + ROS↓,0.665407335465721,-0.1702393578374244,-0.06510118668346446,3.0140065942288643e-07,0.05842601971209808,0.7478122669543592,-0.12950118455712453,0.759745807838313,0.759745807838313,-0.00036316905140219234,-0.7598488233711055,9.953923488512232e-05,-0.029464415424605313,0.6897173708426806,0.0,-0.005846785587506502,0.0,-0.0071531205820000695,-0.759999994378792,-0.7599998288178478,0.06600858537224714,-0.1983844215180463,-0.6270992284766637,0.0,0.7595973598680029,-0.061621733213533016,-0.13280964505341666,0.7415151485363946,-0.028596003665326462,0.5936155448604037,-0.1983844215180463,-0.1983844215180463,0.0,-0.055532508143933235,-0.0006747602140356724,0.0,0.0,0.0,0.0,0.9849430867874222,-0.14614494450671847,0.003967462509004372,-0.9262786647927176,0.8379464830891199,0.06600858537224714,-0.7598488486995763,0.7487811816493546,-0.7599498721921862,0.0,0.7093447673389055,-0.0006243459773750532,-1.3797353203114241e-05,0.7072168141461013,0.0006262173721616778,-0.01648493885098442,-0.15769636268811968,-0.15769636268811968,-0.1983844215180463,-0.11849578000744737,-0.11834815741932131,0.9999999932033594,-0.010344890387935655,0.0,-0.06833329306717868,-0.05507262036841966,0.0,0.0,-0.00233685563070966,-0.00233685563070966,-0.03630169690738112,-0.005649916433388541,-0.03630169690738112,-0.7599948870121597,-0.004754252859818254,0.0,-0.053810753811442374,2.5278595474604453e-06,-0.9822246442940752,-0.0003181180262422334,0.0,0.06984898463497585,-0.010344890387935655,4.440892098500626e-18,-0.07009012785317133,0.0,-0.0003607563808259395,0.7595973598680029,0.0,0.0,0.0,-0.07061520502354107,0.0,0.0,-7.415128106815217e-05,0.0,-0.0001618793522958173,0.0,-0.07009012785317133,-0.14238448775767262,0.13938354247089665,0.0801135537010866,0.0,0.0,0.0,0.0,0.0,0.0,0.5391896700686799,0.0,0.0,0.0,0.0,-0.7555888446931931,0.0,-0.0019734430288440084,0.06997807334372122,0.7596268071609787,0.06999487950853876,0.06600858537224714,0.0006262173721616778,0.0006262173721616778,0.004460607883100366,-0.05507262036841966,0.7596268071609787,0.0,0.09020989910018647,-0.028596003665326462,0.7493900282946694,0.0,0.06932892322173694,-0.1499229528571438,0.759986504407641,-0.00724828158766967,-0.11684326816335724,0.0,0.0,0.0,0.0,0.0,0.707833982308681,0.06936698019612471,0.06999925790996882,0.0,0.0,0.0,0.0,-0.7057218286107059
