perturbation,anabolic_up,catabolic_down,mean_abs_delta_ecm,mean_abs_delta_tf,mean_abs_delta_gf,mean_abs_delta_cytokines,mean_abs_delta_oxidative,mean_abs_delta_cell_fate
RhoA-E↓,,RhoA-E,0.030805253881577406,0.11265482767997743,0.10057177534091362,0.0053595014512784304,0.001356292116886918,6.910303247826882e-05
PIEZO1↓,,PIEZO1,0.0007485207977831293,0.013764006768568628,0.00024663113105363325,0.0006465785579268395,0.00013648772913947023,0.022984334985964118
PI3K-E↓,,PI3K-E,1.0994283824569671e-09,0.002115236617763228,0.0008125476817837299,1.553875401057296e-08,0.0018363351853401457,0.0010888164974605804
FAK-E↓,,FAK-E,0.038587248761614304,0.19981854373521205,0.19651018908354764,0.006108657688650724,0.28771634677871843,0.008870726791546832
ROS↓,,ROS,0.30210271865467087,0.2278338223039947,0.06881500130097737,0.0010710087719853574,0.28605084957393867,0.5093271827800123
SOX9↑,SOX9,,0.796331124209366,0.17231739465113646,0.2557163598574793,0.298683089476516,1.696537485861256e-07,2.1654855784697865e-07
PPARγ↑,PPARγ,,0.6008358869148692,0.11605427085736321,0.10094127536391459,0.2969956075978928,0.002170339224566313,0.0010934299743600455
HIF-1α↑,HIF-1α,,0.2608978451121209,0.09447228026265579,0.00219183474930069,1.626138185238026e-08,0.09299811819725097,0.10000002933105694
NRF2↑,NRF2,,0.3021612285492728,0.2749508942829162,0.06880817213081877,0.0010953110012152292,0.6722636729132931,0.4093503076903041
IκBα↑,IκBα,,0.0018151064227892096,0.06203076542067939,0.1594882504962879,0.03536363188188162,1.641044127780739e-07,0.1159249274614988
SOX9↑ + RhoA-E↓,SOX9,RhoA-E,0.8061090645930464,0.284971726203446,0.27218354533004124,0.3234252136769893,0.0013564151043647598,6.92262782135607e-05
SOX9↑ + PIEZO1↓,SOX9,PIEZO1,0.7970540351987001,0.18605470786575107,0.25682531006352416,0.30429572508478864,0.00013631419007832535,0.022985624589025165
SOX9↑ + PI3K-E↓,SOX9,PI3K-E,0.8006282071217953,0.17443261602716068,0.25652896477827153,0.2986832007540847,0.0018364414336515034,0.0010889109048578146
SOX9↑ + FAK-E↓,SOX9,FAK-E,0.8600807049823971,0.3638160985027055,0.3689509215181372,0.33714951955174033,0.2877173476786633,0.008870911768775478
SOX9↑ + ROS↓,SOX9,ROS,0.8528481811247748,0.40009432512261894,0.24876465069821263,0.3046736640600711,0.2860506855047361,0.5093273059801604
PPARγ↑ + RhoA-E↓,PPARγ,RhoA-E,0.6109559182665066,0.22870260731705766,0.20556235457691857,0.3193020527493476,0.0035268944398848803,0.0011548692683975078
PPARγ↑ + PIEZO1↓,PPARγ,PIEZO1,0.6020418930423186,0.12971174627868565,0.10121228554504522,0.30187888273324326,0.0021833517862268293,0.02314887460555832
PPARγ↑ + PI3K-E↓,PPARγ,PI3K-E,0.6008373970637427,0.11605506006003022,0.10094169978871328,0.29699560798062036,0.0021712204854145226,0.0010938274543353496
PPARγ↑ + FAK-E↓,PPARγ,FAK-E,0.6637666195471653,0.3134642533517002,0.2971405796001264,0.3251390141534266,0.28772861692487994,0.008913368209560579
PPARγ↑ + ROS↓,PPARγ,ROS,0.6693694099634815,0.34362565724293115,0.1689183575686538,0.3027774699714852,0.28761302323586957,0.5108946660122897
HIF-1α↑ + RhoA-E↓,HIF-1α,RhoA-E,0.29170422572799465,0.20712944446186227,0.10276244070295071,0.005359615160123074,0.0943542637737693,0.10006892675903056
HIF-1α↑ + PIEZO1↓,HIF-1α,PIEZO1,0.26158202808078734,0.10801037882411206,0.002318579658192629,0.0006479478898838113,0.0931288635211339,0.12298435033555685
HIF-1α↑ + PI3K-E↓,HIF-1α,PI3K-E,0.260897858958547,0.09658752189248854,0.0030043784158292003,3.3742399456546864e-08,0.09483445332530424,0.10108884573606317
HIF-1α↑ + FAK-E↓,HIF-1α,FAK-E,0.2979859506521224,0.29406875290861756,0.19853248461214687,0.006113780738546867,0.3807091223939829,0.10887044578584665
HIF-1α↑ + ROS↓,HIF-1α,ROS,0.3032068743554057,0.2284888111139748,0.06878390732399711,0.0010710376107783174,0.28622588812338406,0.5093483861291819
NRF2↑ + RhoA-E↓,NRF2,RhoA-E,0.3331603810634711,0.3875085972237422,0.09447479392113307,0.007313617976446693,0.6722636729790893,0.40935030769126257
NRF2↑ + PIEZO1↓,NRF2,PIEZO1,0.3024442865050766,0.2881609619592097,0.06895644949959051,0.001742092703792311,0.6721834132833823,0.4323683937757964
NRF2↑ + PI3K-E↓,NRF2,PI3K-E,0.30214718522014383,0.27718870145842317,0.06969180011953294,0.0010984570891207994,0.675431431782492,0.4109233961523338
NRF2↑ + FAK-E↓,NRF2,FAK-E,0.35541147260939254,0.4259100095737782,0.20413524711521033,0.009848418566443123,0.6846185540503416,0.4186361338063279
NRF2↑ + ROS↓,NRF2,ROS,0.3021612285492728,0.2749508942829162,0.06880817213081877,0.0010953110012152296,0.6722636729132931,0.4093503076903041
IκBα↑ + RhoA-E↓,IκBα,RhoA-E,0.03587052373254411,0.17484530819108343,0.39808335433460107,0.09010868808949485,0.0013564111418607869,0.11598989111876298
IκBα↑ + PIEZO1↓,IκBα,PIEZO1,0.003834228016643608,0.07559166280703629,0.1599782295636683,0.0398331211310319,0.00013635071478431557,0.13845715913608755
IκBα↑ + PI3K-E↓,IκBα,PI3K-E,0.0018151703440702257,0.06414604563428569,0.16517654992604716,0.03536376366478122,0.0018364377293363784,0.1153150679557368
IκBα↑ + FAK-E↓,IκBα,FAK-E,0.051312004564450474,0.26337873908845966,0.38963479631454345,0.10857537429292176,0.2877173811251173,0.0002728798909474766
IκBα↑ + ROS↓,IκBα,ROS,0.3050130366167352,0.2833548917318631,0.27651067416884645,0.037550725382040594,0.28605069095167873,0.6229501279196183
