node,signed_out_degree,out_activating,out_inhibiting,betweenness,harmonic_closeness
ACAN,0,0,0,0.0,0.0
ADAMTS4/5,0,0,0,0.0,0.0
AKT1-E,3,2,1,0.01167926310817194,0.17813111545988247
AKT1-M,8,5,3,0.060122375656149876,0.27798434442270054
AMPK,9,5,4,0.06300063186695211,0.2719178082191781
ANXA1,0,0,0,0.0,0.0
AP-1,17,15,2,0.04542408504737271,0.23869047619047623
AQP1,0,0,0,0.0,0.0
AQP5,0,0,0,0.0,0.0
BAD,1,0,1,0.0,0.017694063926940642
BAX,1,1,0,0.0014542141844928807,0.012557077625570776
Bcl2,2,0,2,0.008905234271318353,0.019406392694063926
BMP2,0,0,0,0.0,0.0
BNIP3,0,0,0,0.0,0.0
Ca2+os,3,3,0,0.00826031078038636,0.22239073711676438
Ca2+su,6,6,0,0.03312527497695188,0.26118721461187216
CaMKII,2,1,1,0.004212594601116094,0.1901011089367253
CaN,2,2,0,0.00674532967164049,0.19910306588388768
CASP3,0,0,0,0.0,0.0
CASP9,1,1,0,0.0037316957959376475,0.00684931506849315
CAT,0,0,0,0.0,0.0
CCL2,0,0,0,0.0,0.0
CCN2,0,0,0,0.0,0.0
CDC42,1,1,0,0.00013383719099354434,0.00684931506849315
CITED2,0,0,0,0.0,0.0
COL10A1,0,0,0,0.0,0.0
COL1A1,0,0,0,0.0,0.0
COL2A1,0,0,0,0.0,0.0
COX-2,1,1,0,0.0022177609825224367,0.00684931506849315
CREB,3,3,0,0.017222356843282684,0.18090073929115014
CXCL1,0,0,0,0.0,0.0
CXCL3,0,0,0,0.0,0.0
DAG,0,0,0,0.0,0.0
DRP1,1,1,0,0.0033701104437996263,0.22865296803652949
ELK1,0,0,0,0.0,0.0
ERK-E,8,7,1,0.014674854353645099,0.2876549249836921
ERK-M,8,8,0,0.015106282475200754,0.2598662752772342
FAK-E,6,6,0,0.02168964252378629,0.29109589041095896
FAK-M,6,6,0,0.01931554038781247,0.2424548814959773
FGF18,0,0,0,0.0,0.0
FGF2,0,0,0,0.0,0.0
FOXO,7,6,1,0.03291451187766727,0.17106436181778636
GADD45,0,0,0,0.0,0.0
GDF5,0,0,0,0.0,0.0
GPX1,0,0,0,0.0,0.0
GSK3B,6,0,6,0.028123309142439993,0.2561643835616439
HIF-1α,11,11,0,0.03655198405781919,0.220007066753642
HIF-2α,4,4,0,0.0015322875833031712,0.0273972602739726
HL,4,4,0,0.0,0.21741682974559665
HO-1,0,0,0,0.0,0.0
HSF1,2,2,0,0.005614863800976225,0.0136986301369863
HSP27,0,0,0,0.0,0.0
HSP70,0,0,0,0.0,0.0
IGF1,0,0,0,0.0,0.0
IKK,1,0,1,0.006499957201004744,0.14773048488801907
IL1β,0,0,0,0.0,0.0
IL6,0,0,0,0.0,0.0
IL8,0,0,0,0.0,0.0
iNOS,0,0,0,0.0,0.0
IP3,2,2,0,0.03351755629034798,0.1978473581213306
IκBα,1,0,1,0.015857538684235728,0.19080506631876487
JNK,9,6,3,0.02022500912491604,0.28024298760600147
LATS1/2,1,0,1,0.0005668398677373641,0.04566210045662101
LIMK1,1,1,0,0.0033892300425129892,0.0136986301369863
MAP3K,3,3,0,0.010108644307982995,0.17175472928897578
MEK-E,1,1,0,0.010234608723035742,0.20069308545335923
MEK-M,1,1,0,0.01061880018894662,0.1857849532507065
MKK3/6,1,1,0,0.0020122815304676428,0.18734507501630776
MKK4/7,1,1,0,0.0026169107227208316,0.19206621004566196
MMP1,0,0,0,0.0,0.0
MMP13,0,0,0,0.0,0.0
MMP3,0,0,0,0.0,0.0
MOMP,1,1,0,0.0040061182715882765,0.010273972602739725
MRTF-A,2,2,0,0.0003660840812470477,0.0136986301369863
MST1/2,2,2,0,0.0026216343882853096,0.1550934985866492
mTORC1,5,2,3,0.08723438923958526,0.24465101108936724
mTORC2,2,2,0,0.028112118553781287,0.2042889758643182
NF-κB,24,20,4,0.03182917293881754,0.29906229615133734
NFAT,4,3,1,0.0031390359496169607,0.1780550119591215
NL,4,4,0,0.0,0.2068003913894324
NRF2,8,6,2,0.03722012281530467,0.24668949771689497
P38,8,7,1,0.019169079598238502,0.27000163078930206
PAK1,0,0,0,0.0,0.0
PDK1-E,1,1,0,0.0015942371280113369,0.1399896716677538
PDK1-M,1,1,0,0.0031648559282002834,0.1956131767775602
PGE2,0,0,0,0.0,0.0
PHD2,1,1,0,0.0036529680365296807,0.019406392694063926
PI3K-E,1,1,0,0.0026109499066513707,0.16845238095238085
PI3K-M,1,1,0,0.0011336797354747283,0.15155196781909103
PIEZO1,1,1,0,0.002993012341146493,0.1893998695368557
PIP3-E,3,2,1,0.052699912274782386,0.21947162426614464
PIP3-M,4,3,1,0.005810108644307983,0.1927674494455315
PKC-M,1,1,0,0.0017005196032120929,0.14500706675364197
PKC-E,1,1,0,0.0013895449535506219,0.14424603174603165
PKN1,1,1,0,0.00015250691679600514,0.014840182648401826
PLA2,1,1,0,0.0013249881908360887,0.00684931506849315
PLCγ-M,1,1,0,0.0003778932451582428,0.00684931506849315
PLCγ-E,1,1,0,0.020536136041568256,0.15568330071754716
PLD2,1,1,0,0.045959786814770275,0.17819634703196338
PPARγ,12,5,7,0.06071163008081232,0.24554794520547946
PTEN,1,0,1,0.043995433789954345,0.16674005218525756
RAC1-M,3,3,0,0.003812759696085157,0.1657833224614046
RAC1-E,3,3,0,0.004017207206271921,0.1657833224614046
RAF-E,1,1,0,0.005699889781136829,0.15899108501848216
RAF-M,1,1,0,0.006036844591402929,0.14969830397912584
RAS-E,1,1,0,0.0010706975279483545,0.13386062187432035
RAS-M,1,1,0,0.001360415682569674,0.12754180750756083
Rheb,1,1,0,0.012415367658636434,0.17762557077625563
RhoA-E,3,2,1,0.0050522977258924354,0.22124918460534887
RhoA-M,2,1,1,0.004118831884538073,0.1910659926070884
ROCK-E,6,5,1,0.00850621403998825,0.27488584474885847
ROCK-M,6,5,1,0.006165753629145222,0.21815612089584682
ROS,16,12,4,0.0697987715323568,0.3543378995433791
RSK,1,1,0,0.0,0.13948857459131425
RUNX2,4,4,0,0.0023214199200264386,0.0273972602739726
SIRT1,4,4,0,0.008427244303484266,0.21495433789954324
SMIT1,0,0,0,0.0,0.0
SOD1,1,0,1,0.027400409384348925,0.23036529680365278
SOD2,0,0,0,0.0,0.0
SOX5,1,1,0,0.0005495197606676115,0.00684931506849315
SOX6,1,1,0,0.0005495197606676115,0.00684931506849315
SOX9,17,8,9,0.06086924157160893,0.24368340943683414
TAK1,1,1,0,0.003991497401983939,0.12331089762596606
TAUT,0,0,0,0.0,0.0
TGFβ,0,0,0,0.0,0.0
TIMP3,0,0,0,0.0,0.0
TNF,0,0,0,0.0,0.0
TonEBP,6,6,0,0.010437187457110211,0.0410958904109589
TRPV4,1,1,0,0.0033949352489739833,0.17079256360078265
ULK1,0,0,0,0.0,0.0
VEGF,0,0,0,0.0,0.0
VHL,1,0,1,0.0014170996693434106,0.02054794520547945
Wnt3a,0,0,0,0.0,0.0
Wnt5a,0,0,0,0.0,0.0
YAP/TAZ,10,10,0,0.0030331658579178656,0.07534246575342465
α5β1-FN,1,1,0,0.0011466959010652917,0.18463796477495098
α5β1-Fs,1,1,0,0.0019629937368690876,0.21231245923026737
αVβ3,2,2,0,0.002057467048158648,0.21744944553163723
αVβ6,1,1,0,0.0011466959010652917,0.18463796477495098
β-catenin,4,3,1,0.0031306115157083503,0.0273972602739726
NAD+,1,1,0,0.0071518546010751975,0.16242661448140894
LKB1,1,1,0,0.0013068808061722564,0.19005218525766457
SDC4-M,2,2,0,0.001528525534193933,0.19730104370515317
SDC4-E,2,2,0,0.0022975867143529482,0.22131441617742978
Hypo,8,1,7,0.0,0.28556751467710373
NutD,0,0,0,0.0,0.0
MitD,0,0,0,0.0,0.0
