rank,rescue_strategy,rescue_percent,distance_to_normal
1,PIEZO1↓,5.526597393155406,2.827512950454446
2,SOX9↑ + PIEZO1↓,5.526597393155406,2.827512950454446
3,PPARγ↑ + PIEZO1↓,5.526597393155406,2.827512950454446
4,HIF-1α↑ + PIEZO1↓,5.526597393155406,2.827512950454446
5,NRF2↑ + PIEZO1↓,5.526597393155406,2.827512950454446
6,IκBα↑ + PIEZO1↓,5.526597393155406,2.827512950454446
7,RhoA-E↓,-1.4837993477192527e-14,2.9929195651195832
8,PI3K-E↓,-1.4837993477192527e-14,2.9929195651195832
9,FAK-E↓,-1.4837993477192527e-14,2.9929195651195832
10,ROS↓,-1.4837993477192527e-14,2.9929195651195832
11,SOX9↑,-1.4837993477192527e-14,2.9929195651195832
12,PPARγ↑,-1.4837993477192527e-14,2.9929195651195832
13,HIF-1α↑,-1.4837993477192527e-14,2.9929195651195832
14,NRF2↑,-1.4837993477192527e-14,2.9929195651195832
15,IκBα↑,-1.4837993477192527e-14,2.9929195651195832
16,SOX9↑ + RhoA-E↓,-1.4837993477192527e-14,2.9929195651195832
17,SOX9↑ + PI3K-E↓,-1.4837993477192527e-14,2.9929195651195832
18,SOX9↑ + FAK-E↓,-1.4837993477192527e-14,2.9929195651195832
19,SOX9↑ + ROS↓,-1.4837993477192527e-14,2.9929195651195832
20,PPARγ↑ + RhoA-E↓,-1.4837993477192527e-14,2.9929195651195832
