category,group,rank,rescue_strategy,rescue_percent,distance_to_normal,distance_hyper_to_normal
mechanosensor,Mechanical stimuli & its receptors,1,PIEZO1↓,5.526597393155406,2.827512950454446,2.992919565119583
mechanosensor,Mechanical stimuli & its receptors,2,SOX9↑ + PIEZO1↓,5.526597393155406,2.827512950454446,2.992919565119583
mechanosensor,Mechanical stimuli & its receptors,3,PPARγ↑ + PIEZO1↓,5.526597393155406,2.827512950454446,2.992919565119583
mechanosensor,Mechanical stimuli & its receptors,4,HIF-1α↑ + PIEZO1↓,5.526597393155406,2.827512950454446,2.992919565119583
mechanosensor,Mechanical stimuli & its receptors,5,NRF2↑ + PIEZO1↓,5.526597393155406,2.827512950454446,2.992919565119583
mechanosensor,Mechanical stimuli & its receptors,6,IκBα↑ + PIEZO1↓,5.526597393155406,2.827512950454446,2.992919565119583
mechanosensor,Mechanical stimuli & its receptors,7,RhoA-E↓,-1.4837993477192527e-14,2.9929195651195832,2.992919565119583
mechanosensor,Mechanical stimuli & its receptors,8,PI3K-E↓,-1.4837993477192527e-14,2.9929195651195832,2.992919565119583
mechanosensor,Mechanical stimuli & its receptors,9,FAK-E↓,-1.4837993477192527e-14,2.9929195651195832,2.992919565119583
mechanosensor,Mechanical stimuli & its receptors,10,ROS↓,-1.4837993477192527e-14,2.9929195651195832,2.992919565119583
mechanosensor,Mechanical stimuli & its receptors,11,SOX9↑,-1.4837993477192527e-14,2.9929195651195832,2.992919565119583
mechanosensor,Mechanical stimuli & its receptors,12,PPARγ↑,-1.4837993477192527e-14,2.9929195651195832,2.992919565119583
mechanosensor,Mechanical stimuli & its receptors,13,HIF-1α↑,-1.4837993477192527e-14,2.9929195651195832,2.992919565119583
mechanosensor,Mechanical stimuli & its receptors,14,NRF2↑,-1.4837993477192527e-14,2.9929195651195832,2.992919565119583
mechanosensor,Mechanical stimuli & its receptors,15,IκBα↑,-1.4837993477192527e-14,2.9929195651195832,2.992919565119583
mechanosensor,Mechanical stimuli & its receptors,16,SOX9↑ + RhoA-E↓,-1.4837993477192527e-14,2.9929195651195832,2.992919565119583
mechanosensor,Mechanical stimuli & its receptors,17,SOX9↑ + PI3K-E↓,-1.4837993477192527e-14,2.9929195651195832,2.992919565119583
mechanosensor,Mechanical stimuli & its receptors,18,SOX9↑ + FAK-E↓,-1.4837993477192527e-14,2.9929195651195832,2.992919565119583
mechanosensor,Mechanical stimuli & its receptors,19,SOX9↑ + ROS↓,-1.4837993477192527e-14,2.9929195651195832,2.992919565119583
mechanosensor,Mechanical stimuli & its receptors,20,PPARγ↑ + RhoA-E↓,-1.4837993477192527e-14,2.9929195651195832,2.992919565119583
ion_channel,Ion channels & related,1,NRF2↑ + FAK-E↓,14.309431860625386,2.589126086692459,3.021483160761962
ion_channel,Ion channels & related,2,NRF2↑ + PI3K-E↓,14.221577769066512,2.5917805832749505,3.021483160761962
ion_channel,Ion channels & related,3,PPARγ↑ + ROS↓,14.220877638219644,2.591801737610592,3.021483160761962
ion_channel,Ion channels & related,4,NRF2↑ + PIEZO1↓,12.330765386868938,2.6489111610046523,3.021483160761962
ion_channel,Ion channels & related,5,PPARγ↑ + PIEZO1↓,9.084472813687318,2.746997344452401,3.021483160761962
ion_channel,Ion channels & related,6,SOX9↑ + ROS↓,6.544581110234303,2.823739744573824,3.021483160761962
ion_channel,Ion channels & related,7,IκBα↑ + ROS↓,6.544568263456743,2.823740132737045,3.021483160761962
ion_channel,Ion channels & related,8,NRF2↑,6.544068398465368,2.823755236073586,3.021483160761962
ion_channel,Ion channels & related,9,NRF2↑ + ROS↓,6.544068398465368,2.823755236073586,3.021483160761962
ion_channel,Ion channels & related,10,NRF2↑ + RhoA-E↓,6.544068398462692,2.8237552360736666,3.021483160761962
ion_channel,Ion channels & related,11,ROS↓,6.544066415503633,2.8237552959884407,3.021483160761962
ion_channel,Ion channels & related,12,HIF-1α↑ + ROS↓,6.544036639583885,2.823756195662842,3.021483160761962
ion_channel,Ion channels & related,13,HIF-1α↑ + PIEZO1↓,5.266492298766055,2.86235698279192,3.021483160761962
ion_channel,Ion channels & related,14,SOX9↑ + PIEZO1↓,5.261255478254431,2.862515212441838,3.021483160761962
ion_channel,Ion channels & related,15,IκBα↑ + PIEZO1↓,5.261162623847882,2.862518018022096,3.021483160761962
ion_channel,Ion channels & related,16,PIEZO1↓,5.2606764599879225,2.8625327073812583,3.021483160761962
ion_channel,Ion channels & related,17,HIF-1α↑ + FAK-E↓,3.584707173744367,2.91317183714465,3.021483160761962
ion_channel,Ion channels & related,18,FAK-E↓,3.5687123423895066,2.913655118280629,3.021483160761962
ion_channel,Ion channels & related,19,IκBα↑ + FAK-E↓,3.56870479411643,2.913655346350429,3.021483160761962
ion_channel,Ion channels & related,20,SOX9↑ + FAK-E↓,3.568703824764638,2.9136553756392303,3.021483160761962
rho_cytoskeletal,"Rho GTPases, cytoskeletal & Hippo regulators",1,FAK-E↓,20.440860160842135,2.6412436368985848,3.3198494129502927
rho_cytoskeletal,"Rho GTPases, cytoskeletal & Hippo regulators",2,SOX9↑ + FAK-E↓,20.440860160842135,2.6412436368985848,3.3198494129502927
rho_cytoskeletal,"Rho GTPases, cytoskeletal & Hippo regulators",3,PPARγ↑ + FAK-E↓,20.440860160842135,2.6412436368985848,3.3198494129502927
rho_cytoskeletal,"Rho GTPases, cytoskeletal & Hippo regulators",4,HIF-1α↑ + FAK-E↓,20.440860160842135,2.6412436368985848,3.3198494129502927
rho_cytoskeletal,"Rho GTPases, cytoskeletal & Hippo regulators",5,NRF2↑ + FAK-E↓,20.440860160842135,2.6412436368985848,3.3198494129502927
rho_cytoskeletal,"Rho GTPases, cytoskeletal & Hippo regulators",6,IκBα↑ + FAK-E↓,20.440860160842135,2.6412436368985848,3.3198494129502927
rho_cytoskeletal,"Rho GTPases, cytoskeletal & Hippo regulators",7,RhoA-E↓,14.688437480824614,2.832215407471566,3.3198494129502927
rho_cytoskeletal,"Rho GTPases, cytoskeletal & Hippo regulators",8,SOX9↑ + RhoA-E↓,14.688437480824614,2.832215407471566,3.3198494129502927
rho_cytoskeletal,"Rho GTPases, cytoskeletal & Hippo regulators",9,PPARγ↑ + RhoA-E↓,14.688437480824614,2.832215407471566,3.3198494129502927
rho_cytoskeletal,"Rho GTPases, cytoskeletal & Hippo regulators",10,HIF-1α↑ + RhoA-E↓,14.688437480824614,2.832215407471566,3.3198494129502927
rho_cytoskeletal,"Rho GTPases, cytoskeletal & Hippo regulators",11,NRF2↑ + RhoA-E↓,14.688437480824614,2.832215407471566,3.3198494129502927
rho_cytoskeletal,"Rho GTPases, cytoskeletal & Hippo regulators",12,IκBα↑ + RhoA-E↓,14.688437480824614,2.832215407471566,3.3198494129502927
rho_cytoskeletal,"Rho GTPases, cytoskeletal & Hippo regulators",13,PIEZO1↓,0.0,3.3198494129502927,3.3198494129502927
rho_cytoskeletal,"Rho GTPases, cytoskeletal & Hippo regulators",14,PI3K-E↓,0.0,3.3198494129502927,3.3198494129502927
rho_cytoskeletal,"Rho GTPases, cytoskeletal & Hippo regulators",15,ROS↓,0.0,3.3198494129502927,3.3198494129502927
rho_cytoskeletal,"Rho GTPases, cytoskeletal & Hippo regulators",16,SOX9↑,0.0,3.3198494129502927,3.3198494129502927
rho_cytoskeletal,"Rho GTPases, cytoskeletal & Hippo regulators",17,PPARγ↑,0.0,3.3198494129502927,3.3198494129502927
rho_cytoskeletal,"Rho GTPases, cytoskeletal & Hippo regulators",18,HIF-1α↑,0.0,3.3198494129502927,3.3198494129502927
rho_cytoskeletal,"Rho GTPases, cytoskeletal & Hippo regulators",19,NRF2↑,0.0,3.3198494129502927,3.3198494129502927
rho_cytoskeletal,"Rho GTPases, cytoskeletal & Hippo regulators",20,IκBα↑,0.0,3.3198494129502927,3.3198494129502927
mapk,MAPK & stress-activated kinases,1,NRF2↑ + FAK-E↓,18.61458417925543,3.0378237935680557,3.732639027438299
mapk,MAPK & stress-activated kinases,2,PPARγ↑ + FAK-E↓,16.359670769293178,3.1219915715432465,3.732639027438299
mapk,MAPK & stress-activated kinases,3,SOX9↑ + FAK-E↓,16.359670484955153,3.1219915821565585,3.732639027438299
mapk,MAPK & stress-activated kinases,4,IκBα↑ + FAK-E↓,16.35967047840884,3.121991582400909,3.732639027438299
mapk,MAPK & stress-activated kinases,5,HIF-1α↑ + FAK-E↓,16.359670426442317,3.1219915843406314,3.732639027438299
mapk,MAPK & stress-activated kinases,6,FAK-E↓,16.359670426442143,3.121991584340638,3.732639027438299
mapk,MAPK & stress-activated kinases,7,NRF2↑ + PIEZO1↓,5.918976548697111,3.51170499875671,3.732639027438299
mapk,MAPK & stress-activated kinases,8,PPARγ↑ + PIEZO1↓,5.343515486649504,3.53318488294641,3.732639027438299
mapk,MAPK & stress-activated kinases,9,SOX9↑ + PIEZO1↓,5.342118791778545,3.5332370165242577,3.732639027438299
mapk,MAPK & stress-activated kinases,10,IκBα↑ + PIEZO1↓,5.342118709598688,3.533237019591735,3.732639027438299
mapk,MAPK & stress-activated kinases,11,HIF-1α↑ + PIEZO1↓,5.3421182838886425,3.5332370354819544,3.732639027438299
mapk,MAPK & stress-activated kinases,12,PIEZO1↓,5.34211828388568,3.533237035482065,3.732639027438299
mapk,MAPK & stress-activated kinases,13,NRF2↑ + PI3K-E↓,0.6582719663165654,3.7080681111168814,3.732639027438299
mapk,MAPK & stress-activated kinases,14,PPARγ↑ + ROS↓,0.6582105676089156,3.7080704029090055,3.732639027438299
mapk,MAPK & stress-activated kinases,15,SOX9↑ + ROS↓,0.5307360869114767,3.7128285651255424,3.732639027438299
mapk,MAPK & stress-activated kinases,16,IκBα↑ + ROS↓,0.5307359869477504,3.7128285688568274,3.732639027438299
mapk,MAPK & stress-activated kinases,17,NRF2↑,0.5307320796274673,3.7128287147029893,3.732639027438299
mapk,MAPK & stress-activated kinases,18,NRF2↑ + ROS↓,0.5307320796274673,3.7128287147029893,3.732639027438299
mapk,MAPK & stress-activated kinases,19,NRF2↑ + RhoA-E↓,0.5307320796274554,3.7128287147029897,3.732639027438299
mapk,MAPK & stress-activated kinases,20,HIF-1α↑ + ROS↓,0.5307320782654342,3.712828714753829,3.732639027438299
metabolic,Metabolic & related,1,NRF2↑ + FAK-E↓,30.684531250675825,2.5826819220839505,3.7259820479957897
metabolic,Metabolic & related,2,NRF2↑ + PI3K-E↓,26.013760537524025,2.7567140003590316,3.7259820479957897
metabolic,Metabolic & related,3,PPARγ↑ + ROS↓,23.287464661555518,2.8582952952728675,3.7259820479957897
metabolic,Metabolic & related,4,HIF-1α↑ + FAK-E↓,21.92044429117185,2.9092302288658085,3.7259820479957897
metabolic,Metabolic & related,5,PPARγ↑ + FAK-E↓,20.133343903825295,2.9758172684780044,3.7259820479957897
metabolic,Metabolic & related,6,IκBα↑ + FAK-E↓,18.007475611245084,3.0550267394235777,3.7259820479957897
metabolic,Metabolic & related,7,SOX9↑ + FAK-E↓,17.976113230838536,3.05619529608735,3.7259820479957897
metabolic,Metabolic & related,8,FAK-E↓,17.36438928645619,3.0789880204383278,3.7259820479957897
metabolic,Metabolic & related,9,PPARγ↑ + PI3K-E↓,16.252939543194458,3.1204004383447552,3.7259820479957897
metabolic,Metabolic & related,10,NRF2↑ + PIEZO1↓,15.515905669982022,3.1478621881482987,3.7259820479957897
metabolic,Metabolic & related,11,NRF2↑,15.469487838171093,3.149591708228643,3.7259820479957897
metabolic,Metabolic & related,12,NRF2↑ + ROS↓,15.469487838171093,3.149591708228643,3.7259820479957897
metabolic,Metabolic & related,13,NRF2↑ + RhoA-E↓,15.46946682069537,3.149592491336015,3.7259820479957897
metabolic,Metabolic & related,14,HIF-1α↑ + PI3K-E↓,13.901309514528293,3.208021751048135,3.7259820479957897
metabolic,Metabolic & related,15,PPARγ↑ + PIEZO1↓,12.41096170899836,3.2635518427348793,3.7259820479957897
metabolic,Metabolic & related,16,PPARγ↑ + RhoA-E↓,12.087272405087417,3.2756124480898836,3.7259820479957897
metabolic,Metabolic & related,17,PPARγ↑,12.057898265475389,3.276706923258581,3.7259820479957897
metabolic,Metabolic & related,18,SOX9↑ + ROS↓,10.890858122346998,3.320190629484449,3.7259820479957897
metabolic,Metabolic & related,19,IκBα↑ + ROS↓,10.885780564971547,3.320379818360735,3.7259820479957897
metabolic,Metabolic & related,20,HIF-1α↑ + ROS↓,10.67118738234834,3.3283755218214988,3.7259820479957897
oxidative_proteostasis,Oxidative-stress defense & proteostasis,1,NRF2↑ + PIEZO1↓,60.327605082049786,0.7066213463982535,1.781141138213803
oxidative_proteostasis,Oxidative-stress defense & proteostasis,2,NRF2↑ + RhoA-E↓,60.32370756636831,0.7066907666534243,1.781141138213803
oxidative_proteostasis,Oxidative-stress defense & proteostasis,3,NRF2↑,60.323707556119004,0.706690766835979,1.781141138213803
oxidative_proteostasis,Oxidative-stress defense & proteostasis,4,NRF2↑ + ROS↓,60.323707556119004,0.706690766835979,1.781141138213803
oxidative_proteostasis,Oxidative-stress defense & proteostasis,5,NRF2↑ + PI3K-E↓,60.27802810160184,0.707504382392096,1.781141138213803
oxidative_proteostasis,Oxidative-stress defense & proteostasis,6,NRF2↑ + FAK-E↓,59.044647836176544,0.7294726256901964,1.781141138213803
oxidative_proteostasis,Oxidative-stress defense & proteostasis,7,HIF-1α↑ + FAK-E↓,34.451348531021985,1.1675139968583537,1.781141138213803
oxidative_proteostasis,Oxidative-stress defense & proteostasis,8,PPARγ↑ + ROS↓,28.082720717012926,1.2809482467933955,1.781141138213803
oxidative_proteostasis,Oxidative-stress defense & proteostasis,9,HIF-1α↑ + ROS↓,27.729198905718405,1.2872449692069208,1.781141138213803
oxidative_proteostasis,Oxidative-stress defense & proteostasis,10,SOX9↑ + ROS↓,27.728161848926415,1.2872634406520695,1.781141138213803
oxidative_proteostasis,Oxidative-stress defense & proteostasis,11,IκBα↑ + ROS↓,27.728160483771227,1.2872634649674102,1.781141138213803
oxidative_proteostasis,Oxidative-stress defense & proteostasis,12,ROS↓,27.72811951814925,1.2872641946229557,1.781141138213803
oxidative_proteostasis,Oxidative-stress defense & proteostasis,13,FAK-E↓,23.665985648908613,1.3596165320573168,1.781141138213803
oxidative_proteostasis,Oxidative-stress defense & proteostasis,14,IκBα↑ + FAK-E↓,23.665838253748625,1.359619157373147,1.781141138213803
oxidative_proteostasis,Oxidative-stress defense & proteostasis,15,SOX9↑ + FAK-E↓,23.665822334619598,1.359619440915303,1.781141138213803
oxidative_proteostasis,Oxidative-stress defense & proteostasis,16,PPARγ↑ + FAK-E↓,23.664925229362,1.3596354196260991,1.781141138213803
oxidative_proteostasis,Oxidative-stress defense & proteostasis,17,HIF-1α↑ + RhoA-E↓,8.37874203185057,1.6319039170197014,1.781141138213803
oxidative_proteostasis,Oxidative-stress defense & proteostasis,18,HIF-1α↑ + PI3K-E↓,8.276990626855348,1.6337162531527818,1.781141138213803
oxidative_proteostasis,Oxidative-stress defense & proteostasis,19,HIF-1α↑,7.966917659981289,1.6392390903242557,1.781141138213803
oxidative_proteostasis,Oxidative-stress defense & proteostasis,20,HIF-1α↑ + PIEZO1↓,7.9614829405741405,1.639335890347363,1.781141138213803
transcription_factor,Transcription Factors,1,SOX9↑ + ROS↓,30.55514803502354,2.2470867823122465,3.2357859779808202
transcription_factor,Transcription Factors,2,PPARγ↑ + ROS↓,23.19416015922547,2.4852725958381887,3.2357859779808202
transcription_factor,Transcription Factors,3,SOX9↑ + PIEZO1↓,18.40468370876294,2.6402498032409487,3.2357859779808202
transcription_factor,Transcription Factors,4,IκBα↑ + ROS↓,17.414607264158537,2.672286558006749,3.2357859779808202
transcription_factor,Transcription Factors,5,SOX9↑ + PI3K-E↓,15.796894933884756,2.7246322667538148,3.2357859779808202
transcription_factor,Transcription Factors,6,SOX9↑,15.480435015083224,2.7348722324323242,3.2357859779808202
transcription_factor,Transcription Factors,7,SOX9↑ + FAK-E↓,14.994223396342461,2.7506049998148514,3.2357859779808202
transcription_factor,Transcription Factors,8,NRF2↑ + PIEZO1↓,14.209608682612132,2.7759934527029118,3.2357859779808202
transcription_factor,Transcription Factors,9,ROS↓,12.379538102137083,2.8352106199330755,3.2357859779808202
transcription_factor,Transcription Factors,10,SOX9↑ + RhoA-E↓,12.375548226500202,2.8353397237694726,3.2357859779808202
transcription_factor,Transcription Factors,11,HIF-1α↑ + ROS↓,12.34833123595401,2.8362204073331947,3.2357859779808202
transcription_factor,Transcription Factors,12,PPARγ↑ + PIEZO1↓,12.026218943577843,2.8466432717232553,3.2357859779808202
transcription_factor,Transcription Factors,13,NRF2↑ + PI3K-E↓,11.67415601043932,2.8580352747474196,3.2357859779808202
transcription_factor,Transcription Factors,14,NRF2↑ + FAK-E↓,11.367949395890172,2.8679434654446507,3.2357859779808202
transcription_factor,Transcription Factors,15,NRF2↑,11.343140222558613,2.868746237196566,3.2357859779808202
transcription_factor,Transcription Factors,16,NRF2↑ + ROS↓,11.343140222558613,2.868746237196566,3.2357859779808202
transcription_factor,Transcription Factors,17,PPARγ↑ + FAK-E↓,10.014363595094222,2.9117426049867454,3.2357859779808202
transcription_factor,Transcription Factors,18,PPARγ↑ + PI3K-E↓,9.292529890606168,2.9350995987809094,3.2357859779808202
transcription_factor,Transcription Factors,19,PPARγ↑,9.292421570304914,2.9351031037940287,3.2357859779808202
transcription_factor,Transcription Factors,20,NRF2↑ + RhoA-E↓,8.378331301118395,2.964681108550453,3.2357859779808202
growth_factor,Growth factors,1,SOX9↑ + FAK-E↓,31.452012111950815,1.7970503680192405,2.6215946279183817
growth_factor,Growth factors,2,SOX9↑ + RhoA-E↓,22.50228059985067,2.0316760485535763,2.6215946279183817
growth_factor,Growth factors,3,SOX9↑ + PIEZO1↓,20.907906528443664,2.073474073558506,2.6215946279183817
growth_factor,Growth factors,4,SOX9↑ + PI3K-E↓,20.810140711162564,2.076037096972288,2.6215946279183817
growth_factor,Growth factors,5,SOX9↑,20.674697400288146,2.0795878715340463,2.6215946279183817
growth_factor,Growth factors,6,IκBα↑ + RhoA-E↓,20.29152564501,2.089633081686119,2.6215946279183817
growth_factor,Growth factors,7,SOX9↑ + ROS↓,19.69064198876713,2.1053858153382214,2.6215946279183817
growth_factor,Growth factors,8,IκBα↑ + FAK-E↓,18.18695685074376,2.144806344137449,2.6215946279183817
growth_factor,Growth factors,9,IκBα↑ + PI3K-E↓,15.326940597628893,2.219784376586701,2.6215946279183817
growth_factor,Growth factors,10,IκBα↑ + PIEZO1↓,14.627383215116089,2.2381239353458633,2.6215946279183817
growth_factor,Growth factors,11,IκBα↑,14.563060385619982,2.2398102191884584,2.6215946279183817
growth_factor,Growth factors,12,PPARγ↑ + FAK-E↓,11.405137075619997,2.3225981670372002,2.6215946279183817
growth_factor,Growth factors,13,IκBα↑ + ROS↓,9.011698409228776,2.385344426537834,2.6215946279183817
growth_factor,Growth factors,14,PPARγ↑ + PIEZO1↓,7.703979693454066,2.419627510138867,2.6215946279183817
growth_factor,Growth factors,15,PPARγ↑ + PI3K-E↓,7.659376148182718,2.4207968342855617,2.6215946279183817
growth_factor,Growth factors,16,PPARγ↑,7.659315171000571,2.420798432860093,2.6215946279183817
growth_factor,Growth factors,17,PPARγ↑ + RhoA-E↓,4.734343861042416,2.49747932359011,2.6215946279183817
growth_factor,Growth factors,18,NRF2↑ + FAK-E↓,4.077418205240241,2.5147012512920375,2.6215946279183817
growth_factor,Growth factors,19,FAK-E↓,3.4794981855416065,2.5303762904077054,2.6215946279183817
growth_factor,Growth factors,20,HIF-1α↑ + FAK-E↓,3.285000653564485,2.5354752272574514,2.6215946279183817
ecm_matrix,ECM anabolism & phenotype markers,1,SOX9↑ + FAK-E↓,90.5301281109658,0.1923589806509531,2.0312733150455644
ecm_matrix,ECM anabolism & phenotype markers,2,SOX9↑ + ROS↓,85.85859825617682,0.2872505199956686,2.0312733150455644
ecm_matrix,ECM anabolism & phenotype markers,3,SOX9↑ + PI3K-E↓,83.57072790184178,0.3337234199861146,2.0312733150455644
ecm_matrix,ECM anabolism & phenotype markers,4,SOX9↑ + PIEZO1↓,82.96119523770936,0.3461046943391226,2.0312733150455644
ecm_matrix,ECM anabolism & phenotype markers,5,SOX9↑ + RhoA-E↓,82.9585550789693,0.3461583231790845,2.0312733150455644
ecm_matrix,ECM anabolism & phenotype markers,6,SOX9↑,82.78958367954176,0.3495905941257148,2.0312733150455644
ecm_matrix,ECM anabolism & phenotype markers,7,PPARγ↑ + ROS↓,52.35690808347954,0.9677614125629103,2.0312733150455644
ecm_matrix,ECM anabolism & phenotype markers,8,PPARγ↑ + FAK-E↓,52.217653781931425,0.9705900480303105,2.0312733150455644
ecm_matrix,ECM anabolism & phenotype markers,9,PPARγ↑ + PIEZO1↓,49.012471431574035,1.0356960618116704,2.0312733150455644
ecm_matrix,ECM anabolism & phenotype markers,10,PPARγ↑ + RhoA-E↓,48.8740391722114,1.0385079993555182,2.0312733150455644
ecm_matrix,ECM anabolism & phenotype markers,11,PPARγ↑ + PI3K-E↓,48.812084325913105,1.0397664716157529,2.0312733150455644
ecm_matrix,ECM anabolism & phenotype markers,12,PPARγ↑,48.81199203551163,1.0397683462860505,2.0312733150455644
ecm_matrix,ECM anabolism & phenotype markers,13,NRF2↑ + FAK-E↓,24.257230405407384,1.5385426668514053,2.0312733150455644
ecm_matrix,ECM anabolism & phenotype markers,14,NRF2↑ + RhoA-E↓,20.745482584075738,1.609875863237809,2.0312733150455644
ecm_matrix,ECM anabolism & phenotype markers,15,HIF-1α↑ + FAK-E↓,19.919000128276725,1.6266639808159875,2.0312733150455644
ecm_matrix,ECM anabolism & phenotype markers,16,HIF-1α↑ + RhoA-E↓,18.77170902762712,1.6499685987893755,2.0312733150455644
ecm_matrix,ECM anabolism & phenotype markers,17,IκBα↑ + ROS↓,16.74886232415076,1.6910581440813697,2.0312733150455644
ecm_matrix,ECM anabolism & phenotype markers,18,NRF2↑ + PIEZO1↓,16.575436207639736,1.694580902507378,2.0312733150455644
ecm_matrix,ECM anabolism & phenotype markers,19,HIF-1α↑ + ROS↓,16.536727369683614,1.695367184803345,2.0312733150455644
ecm_matrix,ECM anabolism & phenotype markers,20,NRF2↑,16.4954946458574,1.6962047341194932,2.0312733150455644
cytokines_chemokines_proteases,"Cytokines, chemokines, proteases & others",1,SOX9↑ + FAK-E↓,22.405399819599314,2.570793179426808,3.313108352191954
cytokines_chemokines_proteases,"Cytokines, chemokines, proteases & others",2,PPARγ↑ + FAK-E↓,20.928111424075123,2.6197373446448826,3.313108352191954
cytokines_chemokines_proteases,"Cytokines, chemokines, proteases & others",3,SOX9↑ + RhoA-E↓,20.795437999066056,2.624132958969997,3.313108352191954
cytokines_chemokines_proteases,"Cytokines, chemokines, proteases & others",4,PPARγ↑ + RhoA-E↓,20.156329866899032,2.645307303876361,3.313108352191954
cytokines_chemokines_proteases,"Cytokines, chemokines, proteases & others",5,SOX9↑ + PIEZO1↓,18.74063830064917,2.692210699399062,3.313108352191954
cytokines_chemokines_proteases,"Cytokines, chemokines, proteases & others",6,SOX9↑ + ROS↓,18.522580864991504,2.6994351785124118,3.313108352191954
cytokines_chemokines_proteases,"Cytokines, chemokines, proteases & others",7,PPARγ↑ + PIEZO1↓,18.29950799460772,2.7068258244125714,3.313108352191954
cytokines_chemokines_proteases,"Cytokines, chemokines, proteases & others",8,PPARγ↑ + ROS↓,18.16989359858197,2.7111200897929435,3.313108352191954
cytokines_chemokines_proteases,"Cytokines, chemokines, proteases & others",9,SOX9↑ + PI3K-E↓,17.88116899813612,2.720685848645148,3.313108352191954
cytokines_chemokines_proteases,"Cytokines, chemokines, proteases & others",10,SOX9↑,17.881156156509718,2.7206862741021447,3.313108352191954
cytokines_chemokines_proteases,"Cytokines, chemokines, proteases & others",11,PPARγ↑ + PI3K-E↓,17.555694502604805,2.7314691713408505,3.313108352191954
cytokines_chemokines_proteases,"Cytokines, chemokines, proteases & others",12,PPARγ↑,17.55569445270944,2.731469172993938,3.313108352191954
cytokines_chemokines_proteases,"Cytokines, chemokines, proteases & others",13,IκBα↑ + FAK-E↓,10.743073711123053,2.957178679786598,3.313108352191954
cytokines_chemokines_proteases,"Cytokines, chemokines, proteases & others",14,IκBα↑ + RhoA-E↓,8.957688592784406,3.016330423261068,3.313108352191954
cytokines_chemokines_proteases,"Cytokines, chemokines, proteases & others",15,IκBα↑ + PIEZO1↓,4.154789561024339,3.175455672229657,3.313108352191954
cytokines_chemokines_proteases,"Cytokines, chemokines, proteases & others",16,IκBα↑ + ROS↓,3.776109791755575,3.188001743293362,3.313108352191954
cytokines_chemokines_proteases,"Cytokines, chemokines, proteases & others",17,IκBα↑ + PI3K-E↓,3.5691019053774427,3.1948601388666518,3.313108352191954
cytokines_chemokines_proteases,"Cytokines, chemokines, proteases & others",18,IκBα↑,3.569089158863639,3.194860561172465,3.313108352191954
cytokines_chemokines_proteases,"Cytokines, chemokines, proteases & others",19,NRF2↑ + FAK-E↓,0.9739248571219506,3.280841166406573,3.313108352191954
cytokines_chemokines_proteases,"Cytokines, chemokines, proteases & others",20,NRF2↑ + RhoA-E↓,0.7210186777659456,3.2892202221580265,3.313108352191954
cell_fate,"Cell survival, apoptosis & mitophagy/DNA-damage",1,NRF2↑ + PIEZO1↓,37.5315658066683,1.306678420561029,2.0917419132309747
cell_fate,"Cell survival, apoptosis & mitophagy/DNA-damage",2,PPARγ↑ + ROS↓,34.91201397809523,1.3614726840981002,2.0917419132309747
cell_fate,"Cell survival, apoptosis & mitophagy/DNA-damage",3,SOX9↑ + ROS↓,34.211666993006446,1.3761221355232518,2.0917419132309747
cell_fate,"Cell survival, apoptosis & mitophagy/DNA-damage",4,ROS↓,34.21160874926136,1.3761233538320796,2.0917419132309747
cell_fate,"Cell survival, apoptosis & mitophagy/DNA-damage",5,HIF-1α↑ + ROS↓,34.20903111133634,1.3761772713649287,2.0917419132309747
cell_fate,"Cell survival, apoptosis & mitophagy/DNA-damage",6,NRF2↑ + PI3K-E↓,31.63396945245135,1.4300409153753668,2.0917419132309747
cell_fate,"Cell survival, apoptosis & mitophagy/DNA-damage",7,NRF2↑ + FAK-E↓,31.42466754315341,1.4344189711373443,2.0917419132309747
cell_fate,"Cell survival, apoptosis & mitophagy/DNA-damage",8,NRF2↑ + RhoA-E↓,30.968455985564667,1.443961739500432,2.0917419132309747
cell_fate,"Cell survival, apoptosis & mitophagy/DNA-damage",9,NRF2↑,30.96845598555351,1.4439617395006654,2.0917419132309747
cell_fate,"Cell survival, apoptosis & mitophagy/DNA-damage",10,NRF2↑ + ROS↓,30.96845598555351,1.4439617395006654,2.0917419132309747
cell_fate,"Cell survival, apoptosis & mitophagy/DNA-damage",11,IκBα↑ + ROS↓,22.043333656877675,1.6306522640567143,2.0917419132309747
cell_fate,"Cell survival, apoptosis & mitophagy/DNA-damage",12,HIF-1α↑ + PIEZO1↓,7.022209350190575,1.944855417018214,2.0917419132309747
cell_fate,"Cell survival, apoptosis & mitophagy/DNA-damage",13,SOX9↑ + PIEZO1↓,4.702248340867056,1.9933830138208504,2.0917419132309747
cell_fate,"Cell survival, apoptosis & mitophagy/DNA-damage",14,PIEZO1↓,4.701913778601929,1.993390011999976,2.0917419132309747
cell_fate,"Cell survival, apoptosis & mitophagy/DNA-damage",15,PPARγ↑ + PIEZO1↓,4.696220462222667,1.9935091014849338,2.0917419132309747
cell_fate,"Cell survival, apoptosis & mitophagy/DNA-damage",16,HIF-1α↑ + RhoA-E↓,2.224139224540759,2.0452186608626453,2.0917419132309747
cell_fate,"Cell survival, apoptosis & mitophagy/DNA-damage",17,HIF-1α↑,2.20866731028537,2.0455422933779044,2.0917419132309747
cell_fate,"Cell survival, apoptosis & mitophagy/DNA-damage",18,HIF-1α↑ + PI3K-E↓,2.198607082877046,2.0457527273711706,2.0917419132309747
cell_fate,"Cell survival, apoptosis & mitophagy/DNA-damage",19,HIF-1α↑ + FAK-E↓,2.0813944580551706,2.048204512972168,2.0917419132309747
cell_fate,"Cell survival, apoptosis & mitophagy/DNA-damage",20,IκBα↑ + FAK-E↓,0.01747319620421591,2.09137641906239,2.0917419132309747
